"","GEOLEV2","DEP","cnt","freq","norm"
"1",704011005,TRUE,11484,49.8913893474672,1
"2",704002004,TRUE,11028,46.6398815817298,0.878587689796402
"3",704011004,TRUE,12055,45.422004521477,0.833111781976845
"4",704015009,TRUE,7818,45.3954244570898,0.832119274114301
"5",704015007,TRUE,11355,44.8300367168068,0.811007520228339
"6",704011007,TRUE,9503,44.6884552080884,0.805720822703963
"7",704010009,TRUE,8383,44.0121803958629,0.780468511099477
"8",704012002,TRUE,7733,43.783263503567,0.77192068321755
"9",704012001,TRUE,9024,43.6680377449794,0.767618117591691
"10",704002003,TRUE,10535,43.534856812265,0.762645100185329
"11",704004003,TRUE,10474,43.1632737163109,0.748770071932965
"12",704012004,TRUE,7659,43.1347150259067,0.747703681560198
"13",704012006,TRUE,7797,42.6251913404767,0.728677908839191
"14",704010006,TRUE,9640,42.6039687099483,0.72788544922147
"15",704011003,TRUE,12453,41.8124433401605,0.698329645989704
"16",704002009,TRUE,8736,41.4539242668691,0.684942432402507
"17",704002005,TRUE,8779,41.4357860952471,0.68426514743868
"18",704010007,TRUE,8759,41.384360973305,0.682344917407774
"19",704014010,TRUE,8757,40.7037278051501,0.656929863438764
"20",704012005,TRUE,6683,40.6409632692775,0.654586216168581
"21",704038027,TRUE,8215,40.4779502340478,0.648499258785579
"22",704010005,TRUE,8574,40.0037325619372,0.630791823571362
"23",704014004,TRUE,10573,39.9977301959597,0.630567693360852
"24",704002007,TRUE,8297,39.945115786433,0.628603054962029
"25",704014007,TRUE,9249,39.6187620475477,0.616416904955198
"26",704011002,TRUE,9273,39.6095852377088,0.616074240024614
"27",704002011,TRUE,6690,39.5390070921986,0.613438830142905
"28",704010008,TRUE,8276,39.3476917225313,0.606295054798578
"29",704014011,TRUE,7311,39.0670086566207,0.595814261910328
"30",704011008,TRUE,7876,38.8919065725149,0.589275895686275
"31",704014009,TRUE,8392,38.4601283226398,0.573153161684094
"32",704006007,TRUE,7205,38.4471718249733,0.572669362035694
"33",704004004,TRUE,9346,38.1033920417482,0.559832518119012
"34",704012003,TRUE,6743,37.8565012351224,0.550613538691579
"35",704014002,TRUE,10016,37.826201895842,0.549482151948961
"36",704022012,TRUE,6382,36.7902230933303,0.510798381588542
"37",704002006,TRUE,7963,36.5057534497777,0.500176196714663
"38",704014003,TRUE,8352,36.3763066202091,0.49534261187994
"39",704010003,TRUE,8583,36.3517004785905,0.494423810906869
"40",704010004,TRUE,7787,36.3047228309012,0.492669650946377
"41",704004011,TRUE,5488,36.1575965212808,0.487175908833572
"42",704004006,TRUE,7131,35.9552261382544,0.479619335855667
"43",704004008,TRUE,6447,35.567692816948,0.465148721232973
"44",704027008,TRUE,6170,35.4332969620399,0.460130338254426
"45",704001021,TRUE,8123,35.2729167571323,0.454141691573666
"46",704027005,TRUE,8262,35.0203458799593,0.444710616547225
"47",704001025,TRUE,7735,34.8989352102509,0.440177104418484
"48",704036008,TRUE,7721,34.5938438102066,0.428784896750104
"49",704033010,TRUE,5995,34.4738355376653,0.424303750567306
"50",704026001,TRUE,7021,34.4690460994649,0.424124911456841
"51",704001024,TRUE,8053,34.4424960437962,0.423133524129174
"52",704027002,TRUE,7274,34.4168440974687,0.422175672483341
"53",704036003,TRUE,8635,34.3955387373033,0.421380123715274
"54",704030007,TRUE,7256,34.3463031335795,0.419541650974913
"55",704011001,TRUE,7272,34.3180745634733,0.418487587396641
"56",704001022,TRUE,7952,34.2965582679203,0.41768416223566
"57",704025012,TRUE,6978,34.1757272994417,0.413172296330951
"58",704002002,TRUE,7943,34.1649103187234,0.412768386910136
"59",704014005,TRUE,7417,34.1058536809675,0.410563193707661
"60",704001020,TRUE,7164,34.0688605668632,0.409181859333389
"61",704015002,TRUE,7536,34.0610169491525,0.40888897621109
"62",704015001,TRUE,8007,34.0477101671132,0.408392096835373
"63",704033007,TRUE,6515,34.0049063103502,0.406793787524852
"64",704014008,TRUE,6639,34.0008194202602,0.406641181779108
"65",704036005,TRUE,7435,33.9808043875686,0.40589381423981
"66",704020003,TRUE,7404,33.9804488503373,0.405880538369132
"67",704025011,TRUE,7217,33.9703459637562,0.405503293445263
"68",704001019,TRUE,7187,33.9570044885424,0.405005118615636
"69",704024001,TRUE,8459,33.9350904641553,0.40418684213642
"70",704026002,TRUE,6971,33.8759840606473,0.401979790665297
"71",704035003,TRUE,7002,33.8326246617704,0.400360737239635
"72",704022004,TRUE,6585,33.8299511944516,0.400260909139315
"73",704036006,TRUE,7389,33.8045566840516,0.399312670231003
"74",704035004,TRUE,7054,33.7883795564497,0.398708611260176
"75",704001027,TRUE,7967,33.7756486348991,0.398233234694029
"76",704030009,TRUE,6912,33.7598905929472,0.39764482451158
"77",704034007,TRUE,8000,33.7367688609623,0.396781451855434
"78",704022007,TRUE,6366,33.7092930897538,0.395755498021889
"79",704036007,TRUE,7117,33.6899408284024,0.395032878570355
"80",704038012,TRUE,7564,33.6776491540517,0.394573903631123
"81",704083002,TRUE,8502,33.6752881530479,0.394485743120088
"82",704022009,TRUE,6287,33.6455100074922,0.393373817913085
"83",704033004,TRUE,7120,33.62296939932,0.392532144600653
"84",704038003,TRUE,7531,33.5815571211986,0.390985797268965
"85",704038023,TRUE,6525,33.5682683403642,0.390489590063837
"86",704034002,TRUE,7992,33.5474121647148,0.389710813985152
"87",704001008,TRUE,8127,33.5203134666942,0.388698940181601
"88",704036001,TRUE,7404,33.5128773819762,0.388421274467869
"89",704034003,TRUE,6998,33.5105109419145,0.388332910860721
"90",704036004,TRUE,7340,33.5068017894641,0.388194409955804
"91",704089009,TRUE,6971,33.4999279158057,0.387937737377712
"92",704027007,TRUE,6253,33.499410693239,0.387918424126376
"93",704035001,TRUE,7486,33.4166592268547,0.384828458661024
"94",704082006,TRUE,7628,33.3975481611208,0.384114845528785
"95",704020011,TRUE,4726,33.3780634225581,0.383387279337019
"96",704001029,TRUE,6693,33.3200577487928,0.381221329456481
"97",704025007,TRUE,7090,33.2115420648304,0.377169320101922
"98",704033003,TRUE,6819,33.1760241315559,0.375843069438166
"99",704082008,TRUE,8146,33.1502055101127,0.374878994091731
"100",704094008,TRUE,6383,33.113716538701,0.373516484562233
"101",704038009,TRUE,7706,33.0999527511705,0.373002540459489
"102",704037007,TRUE,5937,33.0991804649607,0.372973703052469
"103",704089010,TRUE,7134,33.0967292971468,0.372882175684731
"104",704038001,TRUE,8016,33.0720356465055,0.371960107097561
"105",704033006,TRUE,7381,33.0586285663098,0.371459482557527
"106",704025002,TRUE,7623,33.028596187175,0.370338064189689
"107",704036009,TRUE,7088,32.996601647968,0.369143378155117
"108",704035002,TRUE,7341,32.9799182353205,0.36852041434339
"109",704038019,TRUE,8113,32.9783342140563,0.368461266497235
"110",704020004,TRUE,7859,32.9545454545455,0.367572986826022
"111",704024002,TRUE,8832,32.9110150544045,0.365947548160032
"112",704008006,TRUE,7195,32.9019571977318,0.365609324977633
"113",704037001,TRUE,7956,32.9018651006989,0.365605886045809
"114",704014001,TRUE,6896,32.8913478965945,0.365213170376895
"115",704094006,TRUE,6089,32.8602266594711,0.36405109371346
"116",704082007,TRUE,7085,32.8267618032711,0.362801505585548
"117",704037006,TRUE,6335,32.7898550724638,0.361423396790424
"118",704033001,TRUE,6711,32.7829612622735,0.361165979776037
"119",704083006,TRUE,7894,32.7402430425947,0.359570868180845
"120",704010001,TRUE,6410,32.7391593033352,0.359530401020183
"121",704004013,TRUE,4430,32.720289533939,0.358825797968163
"122",704002008,TRUE,6702,32.6958727680749,0.357914068344604
"123",704030002,TRUE,7074,32.660787663327,0.35660397963251
"124",704034001,TRUE,7827,32.656041388518,0.356426752256493
"125",704034006,TRUE,7085,32.6542840023966,0.356361130912707
"126",704030005,TRUE,7081,32.6373525073746,0.355728903628035
"127",704038010,TRUE,7132,32.6362513156088,0.355687784785364
"128",704015008,TRUE,4268,32.6299694189603,0.355453216812744
"129",704091002,TRUE,7873,32.6139188069594,0.354853881973769
"130",704026009,TRUE,5449,32.61311946373,0.354824034249229
"131",704030006,TRUE,7266,32.6078176188125,0.35462606171275
"132",704030012,TRUE,6804,32.6065078832606,0.354577155780312
"133",704001023,TRUE,6817,32.5969492660068,0.354220234042228
"134",704004005,TRUE,6316,32.5751714889886,0.353407045082097
"135",704035005,TRUE,6641,32.5682899318327,0.353150085599821
"136",704091003,TRUE,7121,32.5174665509841,0.351252324768305
"137",704031003,TRUE,6680,32.5076646065502,0.350886317117718
"138",704082010,TRUE,5147,32.4506651535212,0.348757939832105
"139",704027006,TRUE,6877,32.4493936677205,0.348710462157259
"140",704024006,TRUE,7484,32.4221288394056,0.347692384996906
"141",704038026,TRUE,6039,32.3824333744437,0.346210144001998
"142",704022011,TRUE,5219,32.3799478843529,0.346117335029777
"143",704037004,TRUE,6812,32.3718101031222,0.345813467750244
"144",704038006,TRUE,7165,32.3330324909747,0.344365499664603
"145",704091006,TRUE,6921,32.3184683632968,0.343821670612089
"146",704026004,TRUE,6294,32.2703035274815,0.34202318067812
"147",704001006,TRUE,7687,32.2265543118266,0.340389571372851
"148",704027004,TRUE,7490,32.2192110809997,0.340115372852261
"149",704034004,TRUE,7307,32.196519057061,0.339268045628067
"150",704091005,TRUE,7440,32.1882841567881,0.338960551893323
"151",704038021,TRUE,6864,32.1589205397301,0.337864105309216
"152",704019004,TRUE,7200,32.1156162183862,0.336247108495747
"153",704087011,TRUE,6216,32.1107552433103,0.336065598176126
"154",704034005,TRUE,7694,32.099795569277,0.335656360542595
"155",704022010,TRUE,5275,32.0707684824903,0.334572480103375
"156",704008001,TRUE,8020,32.0646089876859,0.334342482653648
"157",704091009,TRUE,6306,32.0606029793075,0.334192897056149
"158",704008002,TRUE,7758,32.0432861096196,0.333546279761716
"159",704036010,TRUE,6052,32.0313326982111,0.333099935665843
"160",704015006,TRUE,6135,32.0131496556043,0.332420975205503
"161",704094003,TRUE,6681,32.0032573289902,0.332051592656227
"162",704022003,TRUE,6455,31.9839460905758,0.331330505013903
"163",704004012,TRUE,4125,31.9717873197954,0.330876492735281
"164",704030011,TRUE,6907,31.9531828275352,0.33018179521394
"165",704092007,TRUE,5983,31.9468175993165,0.329944115614604
"166",704087009,TRUE,6089,31.8996227996647,0.328181847132362
"167",704001015,TRUE,7331,31.8988773822992,0.328154013016336
"168",704024007,TRUE,6871,31.8854703234489,0.327653389273344
"169",704006002,TRUE,6274,31.8817013059607,0.327512652989314
"170",704035006,TRUE,6472,31.8692141028166,0.32704637694419
"171",704082001,TRUE,7768,31.8556489645274,0.326539850465833
"172",704089003,TRUE,7611,31.8518518518519,0.326398065098781
"173",704026008,TRUE,5754,31.8498837595483,0.326324575920688
"174",704027003,TRUE,7139,31.835005574136,0.325769019854797
"175",704038004,TRUE,7404,31.8342075844871,0.325739222673373
"176",704025005,TRUE,6727,31.7956231979959,0.324298469693774
"177",704020009,TRUE,5809,31.7570522632845,0.322858219007808
"178",704015003,TRUE,6580,31.7506272920286,0.322618308584897
"179",704091010,TRUE,6821,31.7211551876482,0.321517811050466
"180",704001017,TRUE,6726,31.717438460813,0.321379027315665
"181",704015004,TRUE,7153,31.705154913346,0.320920355836799
"182",704082009,TRUE,5825,31.7006802721088,0.320753271342748
"183",704083005,TRUE,7019,31.6856265799928,0.32019116180201
"184",704001018,TRUE,7788,31.6778523489933,0.319900869601065
"185",704026005,TRUE,5800,31.6334878647396,0.318244285975157
"186",704091004,TRUE,7232,31.6277442491035,0.318029817582785
"187",704019003,TRUE,7167,31.6228379809389,0.317846616005163
"188",704038014,TRUE,6316,31.5926370548219,0.316718904040642
"189",704025006,TRUE,6536,31.5870867968297,0.316511655682768
"190",704096003,TRUE,6815,31.5640776249363,0.315652486055408
"191",704033008,TRUE,6184,31.5622926555402,0.315585834743576
"192",704038016,TRUE,7103,31.556266382336,0.315360811829788
"193",704038020,TRUE,5975,31.5519881713049,0.315201062100663
"194",704019005,TRUE,7225,31.5474631036591,0.315032094668848
"195",704038015,TRUE,6563,31.5180329443404,0.313933163376051
"196",704026003,TRUE,5868,31.5178859168547,0.313927673324053
"197",704091011,TRUE,6188,31.5087326238607,0.313585886519765
"198",704033002,TRUE,6672,31.4895223711535,0.312868569715127
"199",704022006,TRUE,8101,31.4858719732597,0.31273226272361
"200",704087001,TRUE,6882,31.4720812182741,0.312217311647712
"201",704091014,TRUE,3544,31.4491081728636,0.311359490994447
"202",704087002,TRUE,7300,31.4438318401103,0.311162471090101
"203",704084008,TRUE,6648,31.440056751005,0.311021508090003
"204",704024010,TRUE,6814,31.438590015687,0.310966739737521
"205",704033009,TRUE,5924,31.4303904923599,0.310660566988928
"206",704025003,TRUE,7694,31.4297385620915,0.310636223710153
"207",704087006,TRUE,6807,31.4149898467787,0.310085502098002
"208",704020005,TRUE,7127,31.4130818053597,0.310014255238595
"209",704083001,TRUE,7587,31.3758736197841,0.308624890028765
"210",704004007,TRUE,5312,31.3299911530522,0.306911624465489
"211",704004010,TRUE,5014,31.317926296065,0.30646111895708
"212",704096007,TRUE,5934,31.3123318030711,0.306252218850502
"213",704038008,TRUE,7404,31.2933220625528,0.305542389233297
"214",704025008,TRUE,6473,31.2932076383853,0.30553811659933
"215",704089008,TRUE,6456,31.260894828588,0.304331546242034
"216",704093002,TRUE,6927,31.2364718614719,0.303419585061794
"217",704001007,TRUE,7455,31.2342885872298,0.30333806092326
"218",704037003,TRUE,6874,31.2284208613484,0.303118958215768
"219",704038024,TRUE,6309,31.2249443207127,0.302989143108285
"220",704006008,TRUE,4859,31.2194808532511,0.30278513553579
"221",704038002,TRUE,7642,31.2185955308632,0.30275207732276
"222",704093001,TRUE,7105,31.2088201704296,0.302387062327002
"223",704089006,TRUE,6961,31.2082492714638,0.302365744782243
"224",704031006,TRUE,6461,31.2050229413185,0.30224527261221
"225",704094009,TRUE,5816,31.171615392861,0.300997824373208
"226",704084003,TRUE,7417,31.1337782814927,0.299584974878871
"227",704089001,TRUE,6913,31.0668703936725,0.297086613559642
"228",704096002,TRUE,7655,31.0635880371708,0.296964049348053
"229",704096006,TRUE,6482,31.0544722847698,0.296623664321171
"230",704022002,TRUE,11183,31.0251075045083,0.29552717430268
"231",704091013,TRUE,5380,31.005071461503,0.294779022231743
"232",704091012,TRUE,5634,31.0037420206912,0.294729380498777
"233",704024008,TRUE,6366,30.9992208804051,0.294560559715796
"234",704030004,TRUE,7216,30.984584997209,0.294014051289938
"235",704020008,TRUE,5960,30.9723016161721,0.293555386025622
"236",704031014,TRUE,4281,30.9656419529837,0.293306712133036
"237",704024005,TRUE,6999,30.9553295002211,0.292921641942842
"238",704089007,TRUE,6821,30.9538936286077,0.292868026050677
"239",704087005,TRUE,6919,30.9422655516301,0.292433830043533
"240",704082002,TRUE,7996,30.933498394522,0.292106461673197
"241",704015005,TRUE,4968,30.9205203211552,0.29162185638144
"242",704008004,TRUE,7210,30.917667238422,0.29151532138574
"243",704089005,TRUE,6905,30.9086839749329,0.291179883535992
"244",704037002,TRUE,7422,30.9069709336221,0.291115918041211
"245",704095005,TRUE,6498,30.9045943118044,0.291027174244134
"246",704038007,TRUE,7351,30.8995376208491,0.290838355832767
"247",704001004,TRUE,6888,30.8823529411765,0.290196674554578
"248",704025009,TRUE,6936,30.8705714794374,0.289756751112787
"249",704017005,TRUE,6226,30.8553870552086,0.289189759994342
"250",704096009,TRUE,5481,30.8458551409759,0.288833835355361
"251",704082003,TRUE,7471,30.8438609528528,0.288759371751258
"252",704017007,TRUE,5951,30.8182288969446,0.287802262819865
"253",704024009,TRUE,6255,30.8158439255099,0.287713207245492
"254",704094007,TRUE,5641,30.7998907998908,0.2871175125783
"255",704084004,TRUE,7197,30.7906220586977,0.286771414902388
"256",704091007,TRUE,7000,30.7868232396534,0.286629565818996
"257",704038018,TRUE,6840,30.7650789367157,0.28581762679143
"258",704022008,TRUE,5593,30.7578090629125,0.285546167444895
"259",704025004,TRUE,6278,30.742862739337,0.284988067078821
"260",704094004,TRUE,6044,30.7332451947524,0.284628944975898
"261",704096005,TRUE,6299,30.7313265355906,0.284557301646677
"262",704027001,TRUE,6268,30.7164559443301,0.284002029148775
"263",704008005,TRUE,5046,30.7139813743989,0.283909627938706
"264",704001010,TRUE,7062,30.7096886415029,0.283749335958631
"265",704087007,TRUE,6492,30.7037457434733,0.283527426299773
"266",704024004,TRUE,6945,30.690706615405,0.283040541206495
"267",704011006,TRUE,4690,30.6876922070274,0.28292798226111
"268",704038025,TRUE,5851,30.6174777603349,0.280306153006253
"269",704001009,TRUE,7320,30.5994482066717,0.279632923870756
"270",704086001,TRUE,6765,30.5776532272645,0.278819092568076
"271",704095007,TRUE,6381,30.5603448275862,0.278172791546434
"272",704082004,TRUE,6832,30.5600286276615,0.278160984543003
"273",704087008,TRUE,6736,30.5459822238346,0.277636487459942
"274",704092005,TRUE,5765,30.5381926051489,0.277345620678013
"275",704093005,TRUE,6446,30.5251692948809,0.276859326226315
"276",704038013,TRUE,7337,30.5225060321158,0.276759879167202
"277",704092004,TRUE,5877,30.5140186915888,0.276442959234938
"278",704025013,TRUE,5684,30.4201230933904,0.27293686842521
"279",704089004,TRUE,6362,30.405276237813,0.27238248222509
"280",704025010,TRUE,7400,30.4013803870014,0.272237009945355
"281",704017009,TRUE,5220,30.3806308927948,0.271462217384894
"282",704026006,TRUE,4974,30.3625930899768,0.270788680223395
"283",704087003,TRUE,6901,30.3407342273027,0.269972463499679
"284",704038011,TRUE,7389,30.3374938413533,0.269851466481551
"285",704084002,TRUE,6746,30.3313699923565,0.269622800057355
"286",704030010,TRUE,6469,30.2898347146135,0.268071859881581
"287",704019008,TRUE,6128,30.2706974906145,0.267357269991597
"288",704025001,TRUE,6917,30.2580927384077,0.266886604627947
"289",704096008,TRUE,5406,30.2535116682523,0.266715546045023
"290",704033005,TRUE,6005,30.2442709644926,0.266370495295584
"291",704083007,TRUE,6674,30.2209744611483,0.265500596622576
"292",704030008,TRUE,7470,30.2062272543469,0.264949931338712
"293",704002001,TRUE,6309,30.1967166036472,0.264594800686659
"294",704091008,TRUE,6944,30.1965559227692,0.264588800812752
"295",704095002,TRUE,6797,30.183400683867,0.264097580104861
"296",704031007,TRUE,6143,30.1674605902863,0.263502372058034
"297",704019002,TRUE,6678,30.1544296938499,0.263015794336449
"298",704096004,TRUE,6954,30.1378174568779,0.262395488246555
"299",704017001,TRUE,7633,30.0997673409835,0.260974685097034
"300",704093004,TRUE,12456,30.0789645263336,0.260197901534653
"301",704024003,TRUE,7252,30.0725689404935,0.259959088372299
"302",704094002,TRUE,6049,30.0661066653412,0.25971778501031
"303",704017002,TRUE,7705,30.0612539502946,0.259536583122748
"304",704086006,TRUE,6289,30.0104981866768,0.257641347139642
"305",704083003,TRUE,6822,29.9670546892159,0.256019153446722
"306",704084001,TRUE,7432,29.9641172438818,0.255909468325293
"307",704031008,TRUE,6184,29.9597887699239,0.255747841762867
"308",704014006,TRUE,4974,29.9133990858792,0.254015636547542
"309",704001026,TRUE,6766,29.8271909716099,0.250796598776196
"310",704093006,TRUE,5538,29.8110566829951,0.250194139426457
"311",704020010,TRUE,5103,29.8089841696361,0.250116751133709
"312",704006005,TRUE,4804,29.7922480620155,0.249491819675312
"313",704092002,TRUE,5862,29.7759943109666,0.248884899561169
"314",704034008,TRUE,6946,29.74095482766,0.247576514367868
"315",704089011,TRUE,6256,29.7394942004183,0.247521974092852
"316",704086005,TRUE,6180,29.7215409031886,0.246851592396272
"317",704001013,TRUE,7216,29.7211582025619,0.246837302235968
"318",704087010,TRUE,5829,29.7094801223242,0.246401239091557
"319",704084005,TRUE,6351,29.7053320860617,0.246246350128739
"320",704020007,TRUE,5740,29.7009210390148,0.246081640261511
"321",704031001,TRUE,7526,29.6977349853997,0.24596267202963
"322",704017006,TRUE,5729,29.6916299559471,0.245734708333061
"323",704022001,TRUE,6138,29.6708077536617,0.244957200830345
"324",704022005,TRUE,6184,29.6438329897896,0.243949954766403
"325",704008003,TRUE,7311,29.6195762265527,0.243044199690656
"326",704095004,TRUE,5977,29.6125644074514,0.24278237618687
"327",704010002,TRUE,5566,29.6048082548801,0.242492759040048
"328",704094001,TRUE,6749,29.5529185094364,0.240555179823238
"329",704020006,TRUE,5852,29.5451103145353,0.240263619399652
"330",704038017,TRUE,6782,29.5074834667595,0.238858621213188
"331",704031005,TRUE,6828,29.5035215832001,0.238710683250138
"332",704095001,TRUE,6556,29.483720093542,0.237971289474058
"333",704095006,TRUE,6067,29.4400232919255,0.236339637325269
"334",704020001,TRUE,6584,29.3784302351524,0.234039733448636
"335",704001028,TRUE,6292,29.300549501723,0.231131642665139
"336",704086007,TRUE,6094,29.2839980778472,0.230513607355152
"337",704019006,TRUE,6083,29.2747485442033,0.230168226895094
"338",704004001,TRUE,5819,29.250025133206,0.229245047046986
"339",704006001,TRUE,5126,29.231295620438,0.22854568122104
"340",704031012,TRUE,4728,29.2230669386241,0.228238419685492
"341",704096001,TRUE,6538,29.1966239449828,0.227251030087188
"342",704095003,TRUE,6513,29.1866457539771,0.226878441334851
"343",704002010,TRUE,4133,29.1610809285261,0.225923842809615
"344",704093003,TRUE,5939,29.1541897795886,0.225666525167238
"345",704017008,TRUE,5675,29.0370446172738,0.221292288409852
"346",704006006,TRUE,4315,29.0298708288482,0.221024416921171
"347",704004009,TRUE,4364,29.02367650971,0.22079311912
"348",704037005,TRUE,6492,29.0093391125609,0.220257756255876
"349",704092008,TRUE,5336,29.0047290319074,0.22008561441194
"350",704083004,TRUE,6911,28.995175162576,0.219728869962758
"351",704001011,TRUE,6998,28.9293096320794,0.217269430589845
"352",704030003,TRUE,6647,28.9264110709778,0.217161197417742
"353",704030001,TRUE,6386,28.9037747804834,0.216315951297671
"354",704087004,TRUE,6297,28.8839961469657,0.215577410976976
"355",704037008,TRUE,5268,28.8784124547747,0.215368914175731
"356",704001016,TRUE,7028,28.7926584456553,0.212166832831771
"357",704017010,TRUE,5414,28.7917464369283,0.212132778142548
"358",704019007,TRUE,5810,28.7467220820345,0.210451554741921
"359",704086003,TRUE,6569,28.7320124218169,0.20990229145916
"360",704006003,TRUE,4282,28.7151287553648,0.209271850108148
"361",704094010,TRUE,4816,28.7145242070117,0.209249276084812
"362",704017004,TRUE,6381,28.6979986507758,0.208632206680537
"363",704017011,TRUE,4645,28.6639925948781,0.207362409987767
"364",704086008,TRUE,6124,28.6596780232123,0.207201302541243
"365",704036002,TRUE,7173,28.4970799729848,0.20112984082716
"366",704001002,TRUE,6482,28.419852683269,0.198246149834951
"367",704020002,TRUE,5754,28.4176214934808,0.198162836515038
"368",704031002,TRUE,6471,28.3902952660905,0.197142466694128
"369",704026007,TRUE,4671,28.3727145720707,0.196485998117176
"370",704092003,TRUE,5187,28.3659630318276,0.196233893506822
"371",704019009,TRUE,4910,28.3372770820107,0.195162751228045
"372",704084006,TRUE,6460,28.3283634450096,0.194829913252991
"373",704092009,TRUE,4910,28.3192986503634,0.194491431004502
"374",704094005,TRUE,5016,28.2718971931011,0.192721445862879
"375",704017003,TRUE,5557,28.2698275423513,0.19264416446085
"376",704091001,TRUE,7311,28.2147267675208,0.190586684409081
"377",704001005,TRUE,6721,28.1850205485197,0.189477444961969
"378",704089002,TRUE,6680,28.1488348573596,0.188126260011296
"379",704031011,TRUE,6101,28.1022570244127,0.186387029257506
"380",704031004,TRUE,6105,28.0973858615611,0.186205138523176
"381",704006004,TRUE,4940,28.0426884650318,0.1841627207425
"382",704001003,TRUE,7001,27.9168992742643,0.179465713277024
"383",704012007,TRUE,2420,27.7014652014652,0.171421338064168
"384",704031013,TRUE,4470,27.6643148904567,0.170034133908653
"385",704031009,TRUE,5446,27.4981065387528,0.163827862415734
"386",704086002,TRUE,6314,27.3085074174992,0.156748172320406
"387",704038005,TRUE,6113,27.3035865826969,0.156564426820001
"388",704092006,TRUE,4625,27.2491604312732,0.154532137415845
"389",704038022,TRUE,4575,27.1884471385274,0.152265084201329
"390",704031010,TRUE,5999,27.1767690495606,0.151829020730972
"391",704083008,TRUE,6146,27.0832415282246,0.148336674025644
"392",704004002,TRUE,4325,27.0650813516896,0.147658567391532
"393",704082005,TRUE,6167,26.8422198041349,0.139336847963614
"394",704086004,TRUE,5702,26.5976303759679,0.130203802722863
"395",704084007,TRUE,5618,26.2474303868436,0.11712722632317
"396",704019001,TRUE,5733,26.0531697341513,0.109873473195603
"397",704001014,TRUE,6390,25.9872300622229,0.107411265358595
"398",704001012,TRUE,5317,24.4876341362318,0.0514158875633952
"399",704092001,TRUE,4372,23.6477715274773,0.0200551568104199
"400",704001001,TRUE,4529,23.110680206154,0
