"","GEOLEV2","DISABLED","cnt","freq","norm"
"1",704020008,1,753,4.20623394034186,1
"2",704033010,1,563,3.52029012693053,0.826262211583896
"3",704038015,1,675,3.51580811500599,0.825126994931744
"4",704038014,1,624,3.32551694734598,0.776929509980389
"5",704038001,1,715,3.21594026896955,0.749175619077246
"6",704030006,1,655,3.18208317139526,0.740600197680132
"7",704083004,1,693,3.12288765715831,0.725606990471898
"8",704034007,1,677,3.1228377692698,0.72559435472645
"9",704025012,1,568,3.00656362481474,0.696144110679298
"10",704031003,1,563,2.95770948253218,0.683770195397628
"11",704038025,1,510,2.9290144727774,0.676502242198108
"12",704031006,1,554,2.89279933162759,0.667329568857338
"13",704038008,1,633,2.88146394756009,0.664458510732415
"14",704034006,1,581,2.88137274350327,0.664435410311046
"15",704034001,1,634,2.87893924257561,0.663819046315897
"16",704034004,1,602,2.8702202727186,0.661610680979546
"17",704036003,1,666,2.86982376007239,0.661510251135461
"18",704030002,1,572,2.85486124975045,0.657720504217912
"19",704033007,1,495,2.81202067829347,0.646869723156995
"20",704038010,1,571,2.81169982272996,0.646788455952719
"21",704038002,1,636,2.79118757131572,0.641593054920641
"22",704034002,1,594,2.68693174107749,0.615186843477469
"23",704025011,1,514,2.64376092994548,0.604252418377979
"24",704034005,1,583,2.62849413886384,0.600385602369328
"25",704037003,1,530,2.6044226044226,0.594288696069081
"26",704031007,1,479,2.5763769363167,0.587185209958258
"27",704025010,1,571,2.57091400270149,0.585801542686954
"28",704038006,1,526,2.56023363348747,0.583096388576032
"29",704035004,1,488,2.54723875143543,0.579805008109721
"30",704006007,1,424,2.54090010187571,0.578199537028098
"31",704020009,1,428,2.5402101014897,0.578024771779505
"32",704035001,1,524,2.53642480274941,0.577066020612463
"33",704038009,1,545,2.52326496597065,0.573732859946594
"34",704004012,1,303,2.50433920158691,0.568939288835044
"35",704038003,1,510,2.4914509037616,0.565674904323023
"36",704037004,1,486,2.49077490774908,0.565503686141741
"37",704004001,1,455,2.45150862068966,0.555558209938539
"38",704036006,1,492,2.44763942092433,0.554578208082667
"39",704038020,1,430,2.42253521126761,0.548219742884179
"40",704006001,1,389,2.40971318837886,0.544972144675468
"41",704017007,1,421,2.40585176295788,0.543994111927511
"42",704036005,1,481,2.4047595240476,0.543717466568248
"43",704004010,1,356,2.38862050456253,0.539629730083543
"44",704038027,1,419,2.38542556219755,0.538820506048344
"45",704038018,1,485,2.37117434242691,0.535210916812646
"46",704036009,1,469,2.35560020090407,0.53126625421528
"47",704001020,1,446,2.31917216993396,0.522039659538925
"48",704036008,1,472,2.31497376036098,0.5209762744922
"49",704038023,1,407,2.31315714691674,0.520516157502968
"50",704038019,1,523,2.31241986116638,0.520329415683604
"51",704038007,1,508,2.29128140363538,0.514975407395812
"52",704004009,1,319,2.26739640344019,0.508925747016789
"53",704026002,1,419,2.26107603475258,0.507324906166138
"54",704025002,1,478,2.24983526310835,0.504477811743278
"55",704034003,1,434,2.2359608449253,0.500963659879008
"56",704038026,1,376,2.22828019438189,0.499018282994024
"57",704004005,1,396,2.22035323801514,0.497010521073728
"58",704036004,1,447,2.21935355742019,0.496757319146261
"59",704027006,1,427,2.21277918847489,0.495092144392214
"60",704083007,1,452,2.20240705549871,0.492465061227082
"61",704038013,1,485,2.19457013574661,0.490480104035102
"62",704001008,1,484,2.19272414261768,0.490012545676267
"63",704025009,1,445,2.18780727630285,0.48876718787469
"64",704010001,1,389,2.18527049042189,0.488124663574555
"65",704027004,1,464,2.18373493975904,0.487735734961237
"66",704001024,1,455,2.17464034794246,0.485432231032975
"67",704038012,1,453,2.17307876810899,0.485036709677731
"68",704034008,1,462,2.14753869753172,0.478567848392988
"69",704033003,1,406,2.14610423934877,0.478204524768794
"70",704035002,1,438,2.13149058348338,0.47450313669431
"71",704092008,1,360,2.11876875993173,0.47128091725699
"72",704020010,1,334,2.10300969651177,0.467289417118697
"73",704030012,1,403,2.09579281293879,0.465461504443181
"74",704038017,1,444,2.08715272881117,0.463273119507399
"75",704030010,1,410,2.07353461791332,0.459823885876977
"76",704001022,1,437,2.07217032576225,0.459478334103718
"77",704035003,1,395,2.06600763638266,0.457917430714007
"78",704008003,1,469,2.06407886629698,0.457428906373534
"79",704019008,1,382,2.0571920943508,0.455684605304172
"80",704025005,1,400,2.04509432997597,0.452620449339547
"81",704004007,1,323,2.04339849433795,0.452190923294547
"82",704038004,1,443,2.04194514865176,0.451822815790134
"83",704025007,1,398,2.03507695454313,0.450083220167991
"84",704082004,1,415,2.02084144916245,0.44647761111741
"85",704001027,1,429,2.01683042640214,0.445461687932396
"86",704083008,1,426,2.01542319155982,0.445105259512886
"87",704022010,1,302,2.00717798750498,0.443016890918375
"88",704015001,1,427,2.00620184175907,0.442769649964012
"89",704037006,1,360,2.00289306776455,0.44193159433185
"90",704037007,1,332,2.00241254523522,0.44180988622705
"91",704008001,1,452,1.98454513523007,0.437284378104772
"92",704083001,1,445,1.97848123777343,0.435748497012618
"93",704033001,1,372,1.97840770089879,0.435729871385101
"94",704002002,1,413,1.96882299661534,0.433302230385544
"95",704014001,1,369,1.96716067811067,0.432881193654842
"96",704036001,1,397,1.96515196515197,0.432372421157467
"97",704027008,1,312,1.96461180026447,0.432235606667564
"98",704030009,1,369,1.96443781942078,0.432191540307583
"99",704025004,1,372,1.96295709988919,0.431816499478211
"100",704020011,1,253,1.96048043394033,0.431189202524457
"101",704025006,1,370,1.95881200698819,0.430766618628909
"102",704022004,1,350,1.95782290093416,0.430516095051064
"103",704019004,1,396,1.93728291179492,0.425313668529575
"104",704089006,1,389,1.93071272582887,0.423649553252337
"105",704014009,1,366,1.92075570716347,0.421127611413485
"106",704001019,1,372,1.91466364712543,0.41958459722309
"107",704038021,1,371,1.9136534791355,0.419328739018573
"108",704014011,1,309,1.90988318190247,0.418373787475703
"109",704024004,1,396,1.90613718411552,0.417424990565242
"110",704006005,1,283,1.90405705443046,0.416898129437501
"111",704083003,1,405,1.9015870034745,0.416272507947849
"112",704011002,1,390,1.89679490297165,0.415058751183875
"113",704033004,1,366,1.89020296441667,0.413389126349414
"114",704022003,1,350,1.88719939609619,0.412628374073275
"115",704001023,1,357,1.88340807174888,0.411668096723451
"116",704036010,1,329,1.87914096413068,0.410587311641606
"117",704001015,1,391,1.87845303867403,0.410413071936988
"118",704031008,1,355,1.86950339670335,0.40814628131551
"119",704014002,1,436,1.86699781612641,0.407511660783003
"120",704027007,1,322,1.86256362795002,0.406388557064996
"121",704017006,1,330,1.8567490012941,0.404915811986005
"122",704019002,1,380,1.85583121703458,0.40468335299392
"123",704008004,1,393,1.85054386212742,0.403344156794202
"124",704038016,1,386,1.85043144774688,0.403315684162073
"125",704037001,1,406,1.84210526315789,0.401206804588918
"126",704025008,1,347,1.83258515975706,0.398795525883557
"127",704037002,1,404,1.82821974839352,0.397689842151158
"128",704004011,1,249,1.82685253118122,0.39734354951012
"129",704031005,1,384,1.82310212220481,0.39639363532112
"130",704038005,1,374,1.81685693466116,0.394811836563169
"131",704030007,1,351,1.81142591732466,0.393436253137174
"132",704002009,1,329,1.81087626596213,0.393297035886054
"133",704094001,1,380,1.80935149033425,0.392910836404057
"134",704015006,1,316,1.80643686045847,0.392172610708643
"135",704025003,1,402,1.80641682394176,0.392167535803043
"136",704020003,1,356,1.79399314654304,0.389020831666278
"137",704033002,1,345,1.79202160814461,0.388521474846633
"138",704038024,1,332,1.78917870230653,0.387801415618274
"139",704094007,1,296,1.77543186180422,0.384319576989681
"140",704084003,1,387,1.77092390060861,0.383177787832787
"141",704083006,1,391,1.76699204627621,0.382181916651023
"142",704004006,1,317,1.76542659835153,0.381785415574699
"143",704086004,1,351,1.74826916371968,0.377439732022272
"144",704004004,1,378,1.74571652888745,0.376793193454952
"145",704026004,1,306,1.7329255861366,0.373553467311437
"146",704093002,1,351,1.73136684259853,0.373158664341111
"147",704004013,1,215,1.72690763052209,0.372029222498949
"148",704035006,1,318,1.7225502410487,0.370925570573568
"149",704087007,1,336,1.71770359388579,0.369697998077319
"150",704082008,1,385,1.70769571967177,0.367163175401327
"151",704002008,1,317,1.70558484881093,0.366628528061671
"152",704008002,1,374,1.70356199325863,0.366116173488205
"153",704033008,1,300,1.70096955264501,0.365459552800031
"154",704083002,1,396,1.70030055817948,0.365290107990366
"155",704093001,1,353,1.69973035439137,0.365145685162789
"156",704082007,1,337,1.69534158366033,0.364034084903746
"157",704089001,1,346,1.69201427942687,0.363191335880274
"158",704096002,1,380,1.68858869534305,0.36232369425844
"159",704033009,1,291,1.68529565066311,0.361489622591546
"160",704006002,1,304,1.68346439251301,0.361025796349809
"161",704006008,1,242,1.67915625867333,0.359934620030592
"162",704094005,1,274,1.6780989710926,0.359666827242898
"163",704092007,1,287,1.67444574095683,0.358741526785404
"164",704030005,1,338,1.67053822962487,0.357751821267617
"165",704020007,1,299,1.66731723637986,0.35693599899187
"166",704002006,1,320,1.66510563013841,0.356375837110206
"167",704091011,1,299,1.66148032896199,0.355457610578501
"168",704087004,1,334,1.65453014316144,0.353697247868815
"169",704091001,1,396,1.65289256198347,0.353282476678159
"170",704025013,1,284,1.64934084441605,0.352382887610982
"171",704001029,1,297,1.64670658682635,0.351715675400878
"172",704033006,1,335,1.64320400255064,0.350828530952741
"173",704010002,1,279,1.64136957289093,0.350363901422082
"174",704038011,1,369,1.63810707626742,0.349537567053289
"175",704026003,1,277,1.62482402627874,0.346173198597253
"176",704019007,1,305,1.62268567780379,0.345631591649806
"177",704092006,1,252,1.61870503597122,0.344623363432065
"178",704019006,1,309,1.61627785333194,0.344008599750862
"179",704020005,1,337,1.61359827627484,0.343329908897925
"180",704014005,1,315,1.61199529195026,0.342923900496109
"181",704086007,1,311,1.6088148569655,0.342118350931188
"182",704017011,1,240,1.60814794961136,0.341949434751
"183",704091007,1,332,1.60278072801004,0.340590009689178
"184",704017002,1,375,1.60276958584434,0.340587187569947
"185",704086006,1,312,1.60197165742452,0.340385086003809
"186",704094003,1,301,1.58187933571579,0.335296045954799
"187",704086002,1,340,1.57823887109502,0.334373978783038
"188",704038022,1,244,1.57216494845361,0.332835558483741
"189",704030011,1,313,1.56994532778252,0.332273366684677
"190",704004002,1,232,1.56830933549652,0.331858997933072
"191",704017008,1,280,1.56302333370548,0.33052014445443
"192",704096004,1,331,1.55882075915984,0.329455704491654
"193",704017009,1,244,1.55592398928708,0.328722002428302
"194",704024005,1,324,1.55395683453237,0.328223755910333
"195",704086005,1,299,1.55324675324675,0.328043904514712
"196",704031013,1,231,1.54794612343363,0.326701346009278
"197",704031001,1,362,1.5474053176028,0.326564369179438
"198",704035005,1,292,1.54620068837702,0.326259257283307
"199",704020001,1,318,1.54428904428904,0.325775070663951
"200",704082010,1,225,1.54395114252385,0.325689485949519
"201",704008006,1,305,1.53947102766,0.324554749790266
"202",704017010,1,264,1.53399186519465,0.323166972029915
"203",704002007,1,278,1.53286281429202,0.322881002825152
"204",704010004,1,291,1.52611705475142,0.321172417776557
"205",704031010,1,309,1.52600128401403,0.321143095036874
"206",704025001,1,313,1.51559171024598,0.318506528762123
"207",704020004,1,331,1.51480481442497,0.318307221563803
"208",704006003,1,205,1.51302679164514,0.317856878927159
"209",704022012,1,236,1.51136727505604,0.317436551873553
"210",704024009,1,282,1.50995930606126,0.317079937505832
"211",704092009,1,240,1.50971881487073,0.31701902521716
"212",704087010,1,272,1.50943396226415,0.316946876943607
"213",704001021,1,309,1.50350330868042,0.315444744236301
"214",704084002,1,308,1.50017047391749,0.314600594424689
"215",704011008,1,266,1.49952082981002,0.314436050728424
"216",704093003,1,279,1.48990708106376,0.31200105326521
"217",704030008,1,338,1.48656375071469,0.311154245101867
"218",704024001,1,334,1.4793816716127,0.309335147801166
"219",704017004,1,302,1.47894221351616,0.309223840612002
"220",704001005,1,325,1.47888605751729,0.30920961726184
"221",704001026,1,311,1.47834767314731,0.309073253746448
"222",704089008,1,278,1.47456638200817,0.308115517635957
"223",704011001,1,282,1.47273866722373,0.307652588867893
"224",704001018,1,327,1.46893670544899,0.306689617240376
"225",704019001,1,298,1.46494936584407,0.305679692591915
"226",704031009,1,264,1.46438872864433,0.305537692816887
"227",704008005,1,221,1.46270434840161,0.305111068226797
"228",704094006,1,246,1.45803698435277,0.303928905064562
"229",704006006,1,201,1.45768366088911,0.303839414298742
"230",704024006,1,304,1.44934445768772,0.30172723733463
"231",704084005,1,284,1.44883175186205,0.301597377753542
"232",704024010,1,290,1.4486961734439,0.301563038068474
"233",704084008,1,278,1.44363088746949,0.300280088115893
"234",704001007,1,309,1.4371424584903,0.298636680479438
"235",704096007,1,247,1.4300602130616,0.296842869333765
"236",704033005,1,258,1.42920452027476,0.296626137045431
"237",704031012,1,210,1.4288630332721,0.296539644251917
"238",704037005,1,293,1.42426599261132,0.295375292796233
"239",704096003,1,281,1.42386622751457,0.295274039162281
"240",704086001,1,291,1.42041294479426,0.294399381951483
"241",704017001,1,328,1.41782657560301,0.293744299050333
"242",704001025,1,283,1.40971357409714,0.291689415091198
"243",704022001,1,264,1.40747454283734,0.291122306923349
"244",704026008,1,233,1.40226287915262,0.289802282010451
"245",704086008,1,277,1.4004752515294,0.289349506631917
"246",704086003,1,297,1.39810761191922,0.28874982417747
"247",704091013,1,221,1.39784946236559,0.288684439328666
"248",704094010,1,214,1.38663902028122,0.285845026862475
"249",704001006,1,299,1.38361869504859,0.28508003034825
"250",704024007,1,275,1.38336938477791,0.285016884338022
"251",704087009,1,240,1.38185168125288,0.28463247609823
"252",704082003,1,306,1.37072209281491,0.281813542472197
"253",704096005,1,258,1.36979028404566,0.281577531312637
"254",704026009,1,207,1.36859504132231,0.281274796856382
"255",704082009,1,228,1.36453408342809,0.280246225959469
"256",704027001,1,251,1.36450122315847,0.280237903017473
"257",704095001,1,277,1.36386016740522,0.280075534603846
"258",704011003,1,348,1.36246182757811,0.279721359138937
"259",704096001,1,280,1.35922330097087,0.278901095963635
"260",704030003,1,290,1.35882297816512,0.278799701071569
"261",704094002,1,252,1.35761232625795,0.278493063733668
"262",704019005,1,283,1.3575094737852,0.278467012968577
"263",704030001,1,274,1.3562342226402,0.278144013753081
"264",704082002,1,323,1.35497944458428,0.277826200019467
"265",704001013,1,301,1.34886847412055,0.276278396142988
"266",704001017,1,257,1.34660728320671,0.275705675315311
"267",704019003,1,278,1.34442402553438,0.275152693639384
"268",704091006,1,262,1.34104519629421,0.274296894216536
"269",704084001,1,302,1.32951793968743,0.271377238072388
"270",704014008,1,231,1.32613812503588,0.270521189061761
"271",704084004,1,283,1.32360506992189,0.269879609700834
"272",704091004,1,277,1.32188021951801,0.269442734713904
"273",704096006,1,253,1.32039037628516,0.269065383007683
"274",704010008,1,239,1.31542737630029,0.267808340339724
"275",704094004,1,236,1.31432390287369,0.267528849470406
"276",704082005,1,279,1.30764904386952,0.265838222310133
"277",704022009,1,223,1.30707461461813,0.265692729245271
"278",704015005,1,192,1.30275478355272,0.26459859021965
"279",704010003,1,273,1.2987012987013,0.263571912116145
"280",704015002,1,259,1.29727022289006,0.263209445188622
"281",704091002,1,285,1.29386661824125,0.262347370580228
"282",704004003,1,268,1.28883331730307,0.261072521888054
"283",704002001,1,246,1.28265290161114,0.259507128727836
"284",704024003,1,286,1.28256872505494,0.25948580825169
"285",704014004,1,292,1.27616799965036,0.257864614424577
"286",704014010,1,235,1.27357468025146,0.257207771155183
"287",704012005,1,180,1.27271441702609,0.256989881253255
"288",704089007,1,255,1.27061637351139,0.256458482860094
"289",704026001,1,234,1.26781167036897,0.255748099718501
"290",704092005,1,219,1.26721444277283,0.255596832224421
"291",704092001,1,218,1.26172010649381,0.254205211197643
"292",704095007,1,239,1.26114716901483,0.254060095973113
"293",704082006,1,261,1.25011974327043,0.25126703840295
"294",704087011,1,218,1.24308604664424,0.249485523835238
"295",704004008,1,204,1.24019697246033,0.248753770957717
"296",704027002,1,238,1.23861566484517,0.24835325289415
"297",704087001,1,246,1.23636729155149,0.247783778549545
"298",704022002,1,405,1.23494435127306,0.247423372212773
"299",704092002,1,222,1.23025768911056,0.246236321169748
"300",704089009,1,232,1.22653978324081,0.245294639459498
"301",704091003,1,244,1.22637716123844,0.245253450098959
"302",704012001,1,214,1.22629075697668,0.245231565383251
"303",704015003,1,230,1.21912435068377,0.243416437735945
"304",704093004,1,461,1.21770827830313,0.243057770919744
"305",704030004,1,262,1.21605941053609,0.242640141029896
"306",704024002,1,298,1.21587988086009,0.242594669245979
"307",704087005,1,249,1.21285923039454,0.24182959035584
"308",704001028,1,236,1.21025641025641,0.241170340712352
"309",704036002,1,281,1.21000732032898,0.241107250511287
"310",704094009,1,206,1.20095610097359,0.23881473208262
"311",704093006,1,204,1.19718309859155,0.237859095371962
"312",704010005,1,223,1.1902220324509,0.236095976858974
"313",704015008,1,140,1.18453337845841,0.23465513849234
"314",704037008,1,196,1.18193330519206,0.233996584584304
"315",704083005,1,241,1.17808085251992,0.23302082447954
"316",704024008,1,220,1.17697410656966,0.232740504736176
"317",704002011,1,172,1.17286055233549,0.231698612089578
"318",704022011,1,172,1.16887529731566,0.230689215430723
"319",704011005,1,219,1.16501755505905,0.22971211556505
"320",704082001,1,258,1.15451738488388,0.22705260277616
"321",704036007,1,224,1.15250051450916,0.226541764145394
"322",704092004,1,203,1.14903492386936,0.225663989549951
"323",704026005,1,192,1.14736464682682,0.225240937058275
"324",704087006,1,227,1.14121964707657,0.223684514147896
"325",704019009,1,181,1.13750628456511,0.222743983192278
"326",704014007,1,229,1.13625086831398,0.222426007814779
"327",704096008,1,184,1.13552209331029,0.222241421621394
"328",704031011,1,223,1.13353326894729,0.221737686563768
"329",704031014,1,143,1.11596691119088,0.217288429806213
"330",704017005,1,203,1.11050328227571,0.215904586427368
"331",704012002,1,166,1.10888443553774,0.215494560348643
"332",704093005,1,212,1.10485720241818,0.214474531358003
"333",704091009,1,197,1.10469354567375,0.214433079915071
"334",704084007,1,220,1.10414052697616,0.214293009775807
"335",704092003,1,186,1.10307199620448,0.214022369280921
"336",704012004,1,164,1.09919571045576,0.21304057266714
"337",704087002,1,234,1.09781843771992,0.212691733134668
"338",704087008,1,221,1.08958240891387,0.210605688473112
"339",704014003,1,221,1.08620859136931,0.2097511584267
"340",704006004,1,176,1.07942348972708,0.208032608699372
"341",704084006,1,227,1.07797511634533,0.207665760594286
"342",704091005,1,229,1.0769881954569,0.207415790481362
"343",704027005,1,226,1.07195370677797,0.206140640954854
"344",704031004,1,214,1.07016052407861,0.20568645857093
"345",704091012,1,178,1.06721026440434,0.204939208459421
"346",704020006,1,195,1.06295993458708,0.203862672906432
"347",704089003,1,230,1.05820105820106,0.202657331240704
"348",704001004,1,211,1.0531044120583,0.201366438296019
"349",704027003,1,213,1.05273562991153,0.201273032111236
"350",704001016,1,232,1.05267934116793,0.201258775139113
"351",704017003,1,188,1.04560622914349,0.199467277327894
"352",704001002,1,215,1.02371202742596,0.193921852015837
"353",704089005,1,209,1.02175507210951,0.193426188840426
"354",704022008,1,170,1.02022444937886,0.193038508387709
"355",704020002,1,186,1.00464513341255,0.189092535192672
"356",704089002,1,219,0.998723093761401,0.187592584246563
"357",704022006,1,228,0.974192445735772,0.181379392359619
"358",704087003,1,204,0.973003911094152,0.18107835694527
"359",704026007,1,145,0.972827910097283,0.181033778915178
"360",704011004,1,216,0.968175705961452,0.179855455498571
"361",704022007,1,162,0.947867298578199,0.174711684658985
"362",704001009,1,205,0.946139290164767,0.174274009802467
"363",704031002,1,197,0.941547579219041,0.173111008272081
"364",704095005,1,180,0.933561537264665,0.171088280987099
"365",704002003,1,190,0.930050418522688,0.170198974905215
"366",704001011,1,198,0.910302974575882,0.165197286470813
"367",704026006,1,134,0.905711388982764,0.16403431669009
"368",704096009,1,146,0.904921284244453,0.163834196728123
"369",704094008,1,159,0.901922967837087,0.163074774671385
"370",704091010,1,173,0.891339069503838,0.160394054977895
"371",704001010,1,182,0.885214007782101,0.158842682027748
"372",704091008,1,184,0.868826140334309,0.15469191662748
"373",704089011,1,166,0.85956917978459,0.152347287487427
"374",704012006,1,134,0.856394196970665,0.15154311886375
"375",704022005,1,163,0.855643044619423,0.151352864872509
"376",704010007,1,156,0.84911822338341,0.149700239702355
"377",704089010,1,165,0.845156994314398,0.148696928404252
"378",704002010,1,109,0.840660188184482,0.147557964633936
"379",704001001,1,143,0.802784483242576,0.137964699001024
"380",704091014,1,81,0.800949273212696,0.137499871816003
"381",704095006,1,152,0.797397964536775,0.136600386314021
"382",704015004,1,160,0.779955152578727,0.132182421585572
"383",704095002,1,160,0.770824300236065,0.129869733488746
"384",704089004,1,147,0.765864332603939,0.128613458863663
"385",704015009,1,106,0.742400896484101,0.122670573425525
"386",704014006,1,112,0.741574521618222,0.122461266863102
"387",704011007,1,127,0.702084139532313,0.112459031238012
"388",704012007,1,54,0.699663125161959,0.111845829873403
"389",704002004,1,134,0.680894308943089,0.107092011036788
"390",704015007,1,144,0.677296458303937,0.106180737254772
"391",704001014,1,148,0.660979857978652,0.102048022592784
"392",704010006,1,125,0.651143407824139,0.0995566186872496
"393",704011006,1,88,0.636574074074074,0.095866456643446
"394",704010009,1,103,0.636431043005438,0.0958302293299928
"395",704002005,1,110,0.609992790994288,0.0891338741122655
"396",704001003,1,133,0.590586145648313,0.084218504111015
"397",704012003,1,91,0.585924924344859,0.083037896800698
"398",704095003,1,101,0.490457922595057,0.0588577446855553
"399",704001012,1,76,0.382389937106918,0.0314859797826565
"400",704095004,1,48,0.258078391311361,0
