"","GEOLEV2","RELATE","SEX","cnt","freq","norm"
"1",704038022,1,2,2957,56.4851957975167,1
"2",704082005,1,2,3239,49.0163438256659,0.848736390206129
"3",704019001,1,2,3820,48.5819661706728,0.839939116896163
"4",704017003,1,2,2771,46.0375477654095,0.788408049704494
"5",704015005,1,2,2340,45.9905660377358,0.787456547954418
"6",704092001,1,2,2219,45.2949581547255,0.773368685484819
"7",704086004,1,2,2763,44.795719844358,0.763257815801206
"8",704004002,1,2,2272,44.5490196078431,0.75826149662754
"9",704001012,1,2,2978,43.7362314583639,0.741800430060513
"10",704083008,1,2,3011,43.5493202198438,0.738014993054109
"11",704094005,1,2,2106,43.4854429072889,0.736721311921131
"12",704010002,1,2,2378,42.8468468468468,0.72378808661868
"13",704091001,1,2,2499,42.8057553956835,0.722955878234035
"14",704084007,1,2,2416,42.1861358477388,0.710406976491947
"15",704001011,1,2,2866,41.7297612114153,0.701164207299461
"16",704001013,1,2,2814,41.651865008881,0.699586607311006
"17",704031010,1,2,2645,41.4576802507837,0.695653862682052
"18",704024008,1,2,2457,41.2733075760121,0.691919838170867
"19",704001014,1,2,2957,41.2412831241283,0.69127126002099
"20",704008005,1,2,2026,41.2123677786819,0.690685649334481
"21",704095001,1,2,2178,40.3707136237257,0.673639971343204
"22",704025001,1,2,2715,40.2759234534935,0.671720224724001
"23",704087010,1,2,2117,40.1403109594236,0.668973720246006
"24",704002010,1,2,1685,39.7311954727659,0.660688071317943
"25",704001002,1,2,2540,39.6132252027449,0.658298867601095
"26",704001005,1,2,2613,39.5071061384941,0.656149681516405
"27",704011006,1,2,1908,38.9865140988966,0.645606343472451
"28",704089002,1,2,2280,38.8614283279359,0.643073032420007
"29",704031004,1,2,2478,38.4603445599876,0.634950046611981
"30",704036002,1,2,3205,38.3327353187418,0.632365628746069
"31",704001026,1,2,2336,38.2073928688256,0.62982711927953
"32",704026007,1,2,1983,38.0395165931326,0.626427189604154
"33",704012007,1,2,1077,37.7762188705717,0.621094728321596
"34",704020002,1,2,2221,37.6440677966102,0.618418326571916
"35",704038005,1,2,2623,37.4233128834356,0.613947467439566
"36",704031002,1,2,2513,37.368029739777,0.612827840500637
"37",704001028,1,2,2148,37.1562013492475,0.608537766587127
"38",704089011,1,2,2014,36.9134897360704,0.603622227373545
"39",704092006,1,2,1652,36.6053622867272,0.597381847936399
"40",704030001,1,2,2570,36.6044722973935,0.597363823345766
"41",704091013,1,2,1599,36.5235267245317,0.595724465704986
"42",704014006,1,2,1810,36.4625302175665,0.594489128351514
"43",704001029,1,2,2082,36.4049659031299,0.593323301792117
"44",704026006,1,2,1800,36.2391785786189,0.589965678792208
"45",704001010,1,2,2216,36.0618388934093,0.586374090547372
"46",704092009,1,2,1576,35.7856494096276,0.580780537687927
"47",704087004,1,2,2106,35.7615894039735,0.580293260216019
"48",704001001,1,2,2291,35.5745341614907,0.576504906756149
"49",704082008,1,2,2244,35.3887399463807,0.57274209236884
"50",704031009,1,2,2042,35.0137174211248,0.565146914269447
"51",704001003,1,2,2574,35.0108813928183,0.565089477345975
"52",704035006,1,2,2166,34.8455598455598,0.561741287542607
"53",704096001,1,2,1926,34.7465271513621,0.559735618817557
"54",704025013,1,2,1979,34.5495810055866,0.555746948931306
"55",704019009,1,2,1742,34.4268774703557,0.553261884326539
"56",704083004,1,2,2404,33.9116941740725,0.542828087352786
"57",704031011,1,2,2176,33.5491828553808,0.535486293612181
"58",704091010,1,2,1850,33.3333333333333,0.53111478136368
"59",704006003,1,2,1556,33.2478632478632,0.529383790616197
"60",704086002,1,2,2099,32.2476570901828,0.509127023643307
"61",704086008,1,2,1774,31.963963963964,0.503381502576976
"62",704082003,1,2,2107,31.8277945619335,0.500623719269418
"63",704084006,1,2,1800,31.8021201413428,0.500103745710889
"64",704001004,1,2,1970,31.590763309814,0.495823222089303
"65",704037005,1,2,2147,31.3751278678942,0.491456045518229
"66",704083005,1,2,1989,31.3475177304965,0.490896868677474
"67",704022001,1,2,1985,31.1372549019608,0.486638501451876
"68",704001016,1,2,2216,30.9194921166457,0.482228240663515
"69",704091004,1,2,1615,30.8618383336518,0.481060602133953
"70",704034008,1,2,2260,30.8153804199618,0.480119708974639
"71",704082010,1,2,1359,30.2807486631016,0.469292030268741
"72",704025007,1,2,1921,30.1759346528432,0.467169274909764
"73",704083001,1,2,2201,30.1589476568923,0.466825244215786
"74",704082004,1,2,1860,29.9758259468171,0.463116554981885
"75",704083003,1,2,2085,29.9482907210572,0.462558895295948
"76",704082006,1,2,1696,29.8381421534131,0.460328101324095
"77",704094001,1,2,1660,29.6852646638054,0.457231935939986
"78",704084003,1,2,1814,29.5055302537411,0.453591848310324
"79",704087008,1,2,1591,29.3596604539583,0.450637606807318
"80",704033009,1,2,1645,29.3330955777461,0.450099599214621
"81",704001009,1,2,1913,29.3090240539298,0.449612088470077
"82",704082007,1,2,1761,29.2427764862172,0.448270403527057
"83",704025008,1,2,1701,29.1666666666667,0.446728982423873
"84",704093006,1,2,1407,29.1545793617903,0.446484183172908
"85",704037008,1,2,1716,29.0995421400712,0.445369536790621
"86",704022004,1,2,1566,28.9517470881864,0.442376303942784
"87",704082001,1,2,1914,28.7387387387387,0.438062332803027
"88",704092003,1,2,1321,28.7111497500543,0.43750358427853
"89",704027001,1,2,1643,28.2983120909404,0.429142551711305
"90",704031014,1,2,1158,28.182039425651,0.426787728890031
"91",704019005,1,2,1715,28.1147540983607,0.425425026625954
"92",704082002,1,2,1812,28.0625677559238,0.424368117937887
"93",704086001,1,2,1724,27.8109372479432,0.41927194798903
"94",704086005,1,2,1594,27.7603622431209,0.418247673063833
"95",704091014,1,2,777,27.75,0.418037810784338
"96",704091009,1,2,1377,27.6561558545893,0.416137223619624
"97",704035005,1,2,1784,27.6374903175833,0.41575919811893
"98",704038011,1,2,1667,27.5993377483444,0.414986509710091
"99",704089008,1,2,1442,27.4405328258801,0.411770298448238
"100",704084002,1,2,1612,27.4289603539221,0.411535925898184
"101",704087007,1,2,1503,27.2233291070458,0.407371360205071
"102",704031013,1,2,1303,27.1628100896394,0.406145693252695
"103",704031005,1,2,1788,27.0909090909091,0.404689511679314
"104",704087001,1,2,1538,27.0203794799719,0.40326110426303
"105",704083006,1,2,1806,27.0197486535009,0.403248328392051
"106",704083002,1,2,1845,26.781826099579,0.398429780040412
"107",704086003,1,2,1629,26.6874180865007,0.396517773094026
"108",704089010,1,2,1428,26.6766299271437,0.396299284906883
"109",704022010,1,2,1151,26.6250289151053,0.395254230676412
"110",704031001,1,2,1881,26.6204358901783,0.395161210017689
"111",704095007,1,2,1265,26.4865996649916,0.392450679588217
"112",704025004,1,2,1611,26.4315012305168,0.39133479348898
"113",704022003,1,2,1547,26.4038231780167,0.390774241191384
"114",704082009,1,2,1312,26.3824653126885,0.390341689064335
"115",704084005,1,2,1467,26.2809029021856,0.388284787027725
"116",704084004,1,2,1494,26.233538191396,0.387325528876956
"117",704033005,1,2,1532,26.1925115404343,0.386494632864341
"118",704083007,1,2,1683,26.1092150170648,0.384807662382717
"119",704025012,1,2,1479,26.0708619777895,0.384030913936072
"120",704092008,1,2,1162,26.0246360582307,0.383094719259184
"121",704030003,1,2,1803,26.0210708615962,0.383022514787253
"122",704086006,1,2,1436,25.8832011535689,0.380230295876497
"123",704095003,1,2,1275,25.7731958762887,0.378002403905885
"124",704014001,1,2,1374,25.7448004496908,0.377427322923558
"125",704094002,1,2,1244,25.7237386269644,0.377000766426463
"126",704022005,1,2,1498,25.5108991825613,0.372690216051616
"127",704094004,1,2,1276,25.5097960815674,0.372667875397532
"128",704094007,1,2,1113,25.1980982567353,0.366355186603232
"129",704033010,1,2,1396,25,0.362343183484065
"130",704033007,1,2,1493,24.9665551839465,0.361665839278528
"131",704033001,1,2,1537,24.943200259656,0.361192841531623
"132",704093005,1,2,1335,24.9206645510547,0.360736435025625
"133",704093003,1,2,1269,24.8725989807918,0.359762982654074
"134",704001008,1,2,1565,24.8491584630041,0.359288251417015
"135",704036009,1,2,1605,24.7723414107115,0.357732507017837
"136",704038015,1,2,1441,24.7000342817964,0.356268100255625
"137",704031012,1,2,1172,24.6477392218717,0.355208989756661
"138",704095005,1,2,1189,24.5508982035928,0.353247708149235
"139",704034003,1,2,1659,24.4979326639102,0.352175018697461
"140",704089009,1,2,1284,24.4664634146341,0.351537684839333
"141",704038014,1,2,1419,24.4655172413793,0.351518522378682
"142",704094008,1,2,1115,24.3875765529309,0.349940021435169
"143",704034004,1,2,1758,24.2282249173098,0.346712737814949
"144",704026004,1,2,1222,24.2028124381066,0.346198069248403
"145",704091005,1,2,1276,24.1895734597156,0.345929945623924
"146",704030008,1,2,1678,24.1577886553412,0.345286220957216
"147",704034002,1,2,1806,24.1476133172884,0.34508014398976
"148",704027003,1,2,1579,24.1474231533874,0.345076292677907
"149",704087009,1,2,1206,24.1055366779932,0.344227982992089
"150",704030007,1,2,1594,24.1003931055337,0.344123812318953
"151",704087003,1,2,1326,24.09594766491,0.344033780624873
"152",704089004,1,2,1313,24.0520241802528,0.343144216222068
"153",704035004,1,2,1526,23.9861678717384,0.341810455291857
"154",704093004,1,2,2480,23.9729337844369,0.341542430724615
"155",704030005,1,2,1608,23.8859180035651,0.339780135639196
"156",704084001,1,2,1404,23.8816125191359,0.339692938420786
"157",704017009,1,2,1162,23.8750770495172,0.339560578222732
"158",704035001,1,2,1617,23.8179407865665,0.338403420815326
"159",704092002,1,2,1085,23.6589620584387,0.335183689538326
"160",704019003,1,2,1443,23.6092931937173,0.334177766298658
"161",704001027,1,2,1409,23.4364604125083,0.330677454540584
"162",704091003,1,2,1209,23.3668341708543,0.329267342693587
"163",704087002,1,2,1308,23.3321441312879,0.328564779484612
"164",704089006,1,2,1263,23.3154882776445,0.328227455280598
"165",704022006,1,2,1589,23.2684141162689,0.327274081508494
"166",704019006,1,2,1365,23.2657235384353,0.327219590334071
"167",704034005,1,2,1688,23.0569594317716,0.322991576110686
"168",704001015,1,2,1403,22.9473339875695,0.320771376744336
"169",704093001,1,2,1332,22.9220443985545,0.320259197022601
"170",704036010,1,2,1269,22.8607458115655,0.319017741765734
"171",704035002,1,2,1512,22.8571428571429,0.318944772600735
"172",704037007,1,2,1265,22.8133453561767,0.318057759694193
"173",704026008,1,2,1102,22.759190417183,0.316960981823747
"174",704087006,1,2,1260,22.68635217861,0.315485818714463
"175",704015003,1,2,1220,22.6807956869307,0.315373285356944
"176",704027008,1,2,1210,22.6422155688623,0.314591937976209
"177",704034006,1,2,1613,22.5625961672961,0.312979438741265
"178",704091002,1,2,1269,22.555990046214,0.312845647667967
"179",704086007,1,2,1187,22.5066363291619,0.311846106985386
"180",704020011,1,2,797,22.4887133182844,0.311483119563232
"181",704025002,1,2,1397,22.4670311997427,0.311044000468228
"182",704089001,1,2,1243,22.457091237579,0.310842690472561
"183",704089005,1,2,1185,22.4559408754974,0.310819392658963
"184",704084008,1,2,1216,22.4519940915805,0.310739460055585
"185",704001017,1,2,1298,22.4257083621285,0.310207105908261
"186",704030011,1,2,1451,22.3954313937336,0.309593918828065
"187",704017005,1,2,1176,22.3786869647954,0.309254800744768
"188",704030010,1,2,1467,22.3593964334705,0.308864117489289
"189",704033004,1,2,1349,22.3492379058979,0.308658380977626
"190",704015008,1,2,774,22.318339100346,0.308032600083358
"191",704030006,1,2,1476,22.2456669178598,0.306560800040207
"192",704033003,1,2,1347,22.2167243938644,0.305974638917642
"193",704001018,1,2,1374,22.2078551802166,0.305795014354528
"194",704035003,1,2,1443,22.20341591014,0.305705107630019
"195",704026005,1,2,1085,22.1654749744637,0.304936705349323
"196",704087005,1,2,1210,22.1530574880996,0.304685219067484
"197",704010001,1,2,1147,22.1514098107377,0.304651849330546
"198",704094009,1,2,962,22.1352968246664,0.304325519601841
"199",704031008,1,2,1341,22.1104699093157,0.303822710220943
"200",704093002,1,2,1240,22.0994475138122,0.303599478144751
"201",704033008,1,2,1244,22.0645619013835,0.302892954078439
"202",704087011,1,2,1107,22.0342356687898,0.302278769270539
"203",704030002,1,2,1520,22.022602144306,0.302043160248606
"204",704092007,1,2,983,21.9664804469274,0.30090655042353
"205",704014003,1,2,1162,21.8832391713748,0.299220698853384
"206",704034001,1,2,1580,21.8382861091914,0.298310282837272
"207",704037006,1,2,1300,21.8303946263644,0.298150459857309
"208",704038020,1,2,1182,21.8242245199409,0.298025499210888
"209",704025006,1,2,1304,21.7514595496247,0.296551819973696
"210",704036008,1,2,1450,21.6741405082212,0.294985908993994
"211",704089007,1,2,1171,21.6611172770995,0.294722154810878
"212",704001020,1,2,1374,21.6548463356974,0.2945951519948
"213",704038002,1,2,1353,21.5823895358111,0.293127714007515
"214",704025005,1,2,1330,21.5629053177691,0.292733108094029
"215",704030009,1,2,1380,21.4986758062003,0.29143229401821
"216",704011003,1,2,1355,21.4398734177215,0.290241393250684
"217",704037004,1,2,1324,21.4170171465545,0.289778494521913
"218",704027006,1,2,1315,21.4029947916667,0.289494505493059
"219",704031006,1,2,1270,21.3517148621385,0.288455954015585
"220",704001006,1,2,1301,21.3488677387594,0.288398292388139
"221",704031007,1,2,1257,21.1047683008731,0.283454646127307
"222",704094003,1,2,997,21.0782241014799,0.282917057293785
"223",704001021,1,2,1208,21.0746685275646,0.282845047706856
"224",704004001,1,2,1133,21.0204081632653,0.281746134700738
"225",704024009,1,2,1203,21.002094972067,0.281375245115841
"226",704024004,1,2,1341,20.9892001878228,0.281114092314896
"227",704091006,1,2,1097,20.9871819399273,0.281073217564227
"228",704001019,1,2,1260,20.9720372836218,0.280766499022945
"229",704026001,1,2,1128,20.8695652173913,0.278691174100255
"230",704031003,1,2,1364,20.8626491281738,0.278551105368856
"231",704038009,1,2,1287,20.8454810495627,0.278203407281691
"232",704092005,1,2,943,20.8259717314488,0.277808293026695
"233",704038016,1,2,1205,20.7830286305623,0.276938583936153
"234",704089003,1,2,1181,20.7593601687467,0.276459236241757
"235",704091007,1,2,1101,20.7344632768362,0.27595500965416
"236",704095006,1,2,1005,20.725922870695,0.275782044295241
"237",704001007,1,2,1244,20.7091726319294,0.275442808547882
"238",704096002,1,2,1255,20.6516373210466,0.274277569385618
"239",704022002,1,2,2041,20.6328346138294,0.273896765832636
"240",704019004,1,2,1257,20.5998033431662,0.273227796993058
"241",704027007,1,2,1210,20.4911092294666,0.271026459483155
"242",704024007,1,2,1279,20.464,0.270477427326232
"243",704036007,1,2,1382,20.4558910597987,0.270313200270846
"244",704038004,1,2,1299,20.3828652126157,0.268834237600976
"245",704091011,1,2,970,20.3439597315436,0.268046300776159
"246",704038006,1,2,1251,20.2821011673152,0.266793504528874
"247",704025009,1,2,1210,20.2612190221031,0.266370586967123
"248",704015006,1,2,1079,20.2477012572715,0.266096817194676
"249",704038003,1,2,1229,20.2471169686985,0.266084983836745
"250",704019002,1,2,1277,20.2313054499366,0.265764759602383
"251",704038010,1,2,1238,20.2089454782893,0.265311912225167
"252",704092004,1,2,921,20.161996497373,0.264361073681801
"253",704001025,1,2,1149,20.1578947368421,0.26427800240033
"254",704033002,1,2,1194,20.1484981437732,0.264087697037106
"255",704030012,1,2,1213,20.0628514720476,0.262353129960283
"256",704034007,1,2,1425,20.0506542845082,0.262106105300604
"257",704008002,1,2,1273,20.0377774279868,0.261845315582508
"258",704038023,1,2,1047,19.9656750572082,0.260385055703244
"259",704026009,1,2,872,19.8859749144812,0.258770921250531
"260",704004008,1,2,877,19.8371409183443,0.257781906263466
"261",704038012,1,2,1189,19.7804025952421,0.256632808169349
"262",704038007,1,2,1204,19.7701149425287,0.256424456538926
"263",704094010,1,2,827,19.7374701670644,0.255763315228823
"264",704001023,1,2,1180,19.7258441992645,0.255527859249323
"265",704094006,1,2,893,19.7217314487633,0.255444565392471
"266",704033006,1,2,1203,19.6215951720763,0.253416546261811
"267",704037002,1,2,1276,19.5945945945946,0.252869714589179
"268",704038008,1,2,1242,19.5252318817796,0.251464939884173
"269",704025011,1,2,1114,19.3840264485819,0.248605163893365
"270",704026003,1,2,958,19.3262053661489,0.247434137116563
"271",704096005,1,2,917,19.1480476091042,0.243825980796834
"272",704030004,1,2,1370,19.1233947515355,0.243326696537133
"273",704011001,1,2,960,19.0287413280476,0.241409719393914
"274",704025003,1,2,1196,19.0112859640757,0.241056203033621
"275",704095004,1,2,907,19.0106895828967,0.241044124769078
"276",704036004,1,2,1246,18.9332928126425,0.239476639578695
"277",704037003,1,2,1200,18.9274447949527,0.239358202063903
"278",704001022,1,2,1141,18.8501569469684,0.237792922831786
"279",704037001,1,2,1241,18.7745839636914,0.236262374054482
"280",704012004,1,2,735,18.7022900763359,0.234798235468172
"281",704036003,1,2,1386,18.6968838526912,0.234688745427811
"282",704004011,1,2,651,18.6479518762532,0.23369774608571
"283",704038021,1,2,966,18.5876467192611,0.232476410360997
"284",704036005,1,2,1235,18.5714285714286,0.232147950834075
"285",704027002,1,2,1061,18.5004359197908,0.23071016564352
"286",704036001,1,2,1281,18.4475806451613,0.229639709344851
"287",704015009,1,2,604,18.4314922184925,0.2293138770077
"288",704004012,1,2,617,18.3358098068351,0.227376060187171
"289",704022008,1,2,846,18.315652738688,0.226967827315202
"290",704004009,1,2,723,18.2575757575758,0.225791617926921
"291",704020010,1,2,776,18.2502351834431,0.225642952275834
"292",704001024,1,2,1082,18.1635051200269,0.223886443709399
"293",704017011,1,2,749,18.1531749878817,0.223677231760386
"294",704026002,1,2,930,18.1251218086143,0.223109082173518
"295",704091012,1,2,782,18.1186283595922,0.222977573001453
"296",704036006,1,2,1203,18.0875056382499,0.222347257232096
"297",704019008,1,2,961,18.0843056078284,0.222282448322396
"298",704006008,1,2,710,18.0340360680721,0.221264359856476
"299",704006006,1,2,705,17.9709406066786,0.219986513235875
"300",704038001,1,2,1158,17.9562722902776,0.219689441812211
"301",704024005,1,2,1125,17.9454458446323,0.219470178228502
"302",704020004,1,2,980,17.9126302321331,0.218805577025675
"303",704022009,1,2,806,17.6329030846642,0.213140377307839
"304",704096004,1,2,957,17.5757575757576,0.211983032645861
"305",704008001,1,2,1126,17.4357386187674,0.209147285873302
"306",704017010,1,2,807,17.41476046612,0.208722423912157
"307",704095002,1,2,873,17.3662223990452,0.207739402255572
"308",704006001,1,2,793,17.3181917449225,0.206766657026354
"309",704022007,1,2,824,17.296389588581,0.206325106854798
"310",704017006,1,2,868,17.2942817294282,0.206282417243918
"311",704006005,1,2,735,17.2656800563777,0.205703159236387
"312",704027004,1,2,1079,17.2089314194577,0.20455385226073
"313",704002001,1,2,916,17.1889660349034,0.204149501478307
"314",704024006,1,2,1037,17.1603508191296,0.20356996919553
"315",704004006,1,2,776,17.1226831421006,0.202807101110659
"316",704038013,1,2,1014,16.9820800535924,0.199959524160937
"317",704004013,1,2,596,16.9703872437358,0.199722714456553
"318",704096009,1,2,778,16.9646750981247,0.199607028703502
"319",704091008,1,2,910,16.8549731431747,0.197385279796209
"320",704019007,1,2,954,16.8343038644786,0.196966673333102
"321",704006002,1,2,773,16.4853913414374,0.189900290449038
"322",704024001,1,2,1058,16.4464480024872,0.18911158690407
"323",704017001,1,2,999,16.4120256283884,0.188414444614534
"324",704038018,1,2,897,16.3239308462238,0.186630296956443
"325",704020001,1,2,905,16.1896243291592,0.183910241897566
"326",704096007,1,2,732,16.1732213875387,0.183578039817499
"327",704004007,1,2,697,16.1604451657779,0.183319288214127
"328",704010004,1,2,807,16.0023795359905,0.180118049545039
"329",704020007,1,2,791,15.9894885789367,0.179856974254619
"330",704008006,1,2,802,15.7347459289778,0.174697775364821
"331",704024003,1,2,998,15.6230432060113,0.172435505719713
"332",704015004,1,2,864,15.604117753296,0.172052216252271
"333",704020005,1,2,826,15.4942787469518,0.169827691699044
"334",704015001,1,2,889,15.4286706004859,0.168498956693489
"335",704011008,1,2,669,15.3863845446182,0.16764255446747
"336",704010006,1,2,691,15.3487338960462,0.166880031252986
"337",704002011,1,2,591,15.2398143372873,0.164674127896335
"338",704015002,1,2,846,15.2048885693745,0.163966790577399
"339",704006004,1,2,691,15.1601579640193,0.163060879888608
"340",704008004,1,2,888,15.1251916198263,0.162352720794832
"341",704096006,1,2,736,15.0542033135611,0.160915023609334
"342",704096003,1,2,741,14.8022373152217,0.155812059111207
"343",704022011,1,2,597,14.6180215475024,0.152081212374494
"344",704004005,1,2,699,14.5382695507488,0.150466027743349
"345",704004010,1,2,555,14.4343302990897,0.14836098851316
"346",704012006,1,2,527,14.3871143871144,0.14740474392403
"347",704010005,1,2,657,14.2609073149555,0.144848723616194
"348",704024002,1,2,912,14.007064966979,0.139707758174892
"349",704027005,1,2,827,13.9319407008086,0.13818629708196
"350",704011002,1,2,654,13.7597306964023,0.134698598168218
"351",704024010,1,2,735,13.7460258088648,0.134421038676003
"352",704002002,1,2,711,13.5764750811533,0.130987197007501
"353",704020003,1,2,695,13.4507451132185,0.128440839296736
"354",704014008,1,2,620,13.3419410372283,0.126237274765454
"355",704008003,1,2,818,13.2921676958076,0.125229235601848
"356",704014005,1,2,660,13.2185059082716,0.123737393491634
"357",704020008,1,2,603,12.9039161138455,0.117366134817804
"358",704025010,1,2,745,12.7111414434397,0.113461948119192
"359",704038024,1,2,597,12.5896246309574,0.111000917725767
"360",704004004,1,2,631,12.5722255429368,0.110648541099342
"361",704017004,1,2,681,12.4793842770753,0.108768264844708
"362",704022012,1,2,462,12.1387283236994,0.101869098895293
"363",704014004,1,2,651,12.015503875969,0.0993734844623377
"364",704010008,1,2,545,11.9596225587009,0.0982417429575032
"365",704096008,1,2,555,11.9509043927649,0.0980651775020306
"366",704014010,1,2,517,11.8550791102958,0.0961244671772824
"367",704038019,1,2,704,11.8219983207389,0.0954544954517654
"368",704038017,1,2,678,11.8118466898955,0.0952488986167424
"369",704038025,1,2,530,11.5644774165394,0.0902390297130672
"370",704017002,1,2,690,11.5365323524494,0.0896730697387499
"371",704017007,1,2,548,11.4024136496047,0.0869568184045916
"372",704012003,1,2,422,11.3869400971398,0.0866434388636669
"373",704004003,1,2,542,11.3817723645527,0.0865387788853308
"374",704010003,1,2,565,11.3750754982887,0.0864031499869114
"375",704012001,1,2,452,11.3056528264132,0.0849971609555314
"376",704012002,1,2,409,11.2641145689893,0.0841559035861025
"377",704012005,1,2,386,11.2602100350058,0.0840768266533795
"378",704002006,1,2,513,11.2253829321663,0.08337148755789
"379",704011007,1,2,461,10.9866539561487,0.0785366070687717
"380",704010007,1,2,484,10.913190529876,0.0770487822882406
"381",704002009,1,2,452,10.8915662650602,0.0766108348811295
"382",704014002,1,2,576,10.6567992599445,0.071856194571194
"383",704014011,1,2,393,10.4216388225935,0.0670935862388179
"384",704020009,1,2,454,10.3440419229893,0.0655220479104136
"385",704002005,1,2,454,9.9408802277206,0.0573569786886914
"386",704017008,1,2,470,9.9009900990099,0.056549100197236
"387",704011004,1,2,464,9.78696477536385,0.0542397918687778
"388",704020006,1,2,470,9.72279685560612,0.0529402251867632
"389",704006007,1,2,368,9.71232515175508,0.0527281460437876
"390",704011005,1,2,406,9.70595266555104,0.052599086682293
"391",704010009,1,2,359,9.36358894105373,0.0456653339415617
"392",704002008,1,2,434,9.27350427350427,0.0438408859471487
"393",704014009,1,2,410,9.20520880107768,0.0424577256260232
"394",704002007,1,2,388,8.96487985212569,0.0375904415382604
"395",704002003,1,2,420,8.870116156283,0.0356712310940585
"396",704014007,1,2,429,8.66491617854979,0.0315153997188311
"397",704038027,1,2,347,8.26387235055966,0.0233932227984728
"398",704015007,1,2,358,8.2374597330879,0.0228582988398858
"399",704038026,1,2,311,7.28849308647762,0.00363926476594048
"400",704002004,1,2,328,7.1087993064586,0
