"","GEOLEV2","LIT","cnt","freq","norm"
"1",704002004,1,10926,55.504191008382,1
"2",704011007,1,9723,53.7479270315091,0.967235039875447
"3",704002005,1,9579,53.1133906293319,0.955397092853421
"4",704015007,1,10797,50.7497062279671,0.911300062920802
"5",704011004,1,10563,47.3358727313466,0.847611392048105
"6",704002003,1,9584,46.8838665492613,0.839178739139943
"7",704012001,1,8029,46.0009166953134,0.822706376706083
"8",704038027,1,8083,45.9914651493599,0.822530048129992
"9",704015009,1,6553,45.8925695076686,0.820685045442938
"10",704011005,1,8523,45.3230523796863,0.810060101679178
"11",704012006,1,7009,44.774498530727,0.799826250035006
"12",704004003,1,9045,43.4709472773586,0.775507124095308
"13",704002007,1,7770,42.8264344375241,0.763483056087867
"14",704004004,1,8982,41.479634247714,0.738357075542825
"15",704012005,1,5748,40.6362672322375,0.722623172783143
"16",704010009,1,6273,38.7485329544753,0.687405495286414
"17",704014010,1,7153,38.7276664861938,0.6870162092735
"18",704010005,1,7018,37.4713011906669,0.663577387233143
"19",704002006,1,7173,37.3204994797086,0.660764021980923
"20",704012002,1,5577,37.2470446804248,0.659393645089302
"21",704010006,1,7087,36.8999271061127,0.65291779998251
"22",704002009,1,6283,34.5808795200616,0.609653517002001
"23",704011003,1,8603,33.6804604001096,0.592855246953131
"24",704012004,1,5027,33.674973204716,0.592752877525394
"25",704010007,1,6164,33.5291557876414,0.590032499541886
"26",704010008,1,6086,33.448749656499,0.588532438209796
"27",704014007,1,6687,33.1449814126394,0.582865320664695
"28",704012003,1,5141,33.0759827575114,0.581578077850581
"29",704014004,1,7570,33.0740999650472,0.581542952367837
"30",704014011,1,5290,32.6543209876543,0.573711532013881
"31",704014009,1,5955,31.2336095667681,0.547206659359874
"32",704004006,1,5446,30.3094390026714,0.529965281025151
"33",704006007,1,4903,29.3698334731041,0.512435947101273
"34",704002011,1,4224,28.7954189106279,0.501719636522491
"35",704014002,1,6714,28.7352878236679,0.50059782756186
"36",704004011,1,3834,28.1229369911245,0.489173775782215
"37",704011002,1,5767,28.0455186500024,0.487729454829798
"38",704011008,1,4631,26.1077911827715,0.451579101561652
"39",704094003,1,4573,24.0178571428571,0.412589173861453
"40",704089009,1,4036,21.3398191719981,0.36262754594976
"41",704022012,1,3315,21.2636305323926,0.361206166378413
"42",704002002,1,4440,21.1589782691575,0.359253767834119
"43",704084001,1,4744,20.8692591940876,0.353848752376883
"44",704089010,1,4072,20.8660005124263,0.353787958227429
"45",704094007,1,3294,19.7446502427621,0.332867984148917
"46",704004008,1,3210,19.5113056163384,0.328514693595373
"47",704002008,1,3610,19.4232217798343,0.326871396557638
"48",704011001,1,3405,17.7834647725492,0.296279997049852
"49",704014005,1,3426,17.5072819254944,0.291127514228364
"50",704014003,1,3538,17.3797710861129,0.288748664794111
"51",704010004,1,3317,17.3701298701299,0.288568797723217
"52",704014008,1,2999,17.2118916437098,0.285616696417772
"53",704014001,1,3197,17.0452121987631,0.282507115261876
"54",704094002,1,3103,16.6971588463194,0.276013812225314
"55",704089006,1,3362,16.6840355317354,0.275768982925898
"56",704015001,1,3498,16.4186810607839,0.270818514901678
"57",704010003,1,3436,16.3129658643118,0.268846286214774
"58",704087001,1,3194,16.0470257234727,0.263884891899992
"59",704094008,1,2815,15.9508159564823,0.262089997043329
"60",704084004,1,3385,15.8103689864549,0.259469810423801
"61",704006002,1,2820,15.6085681075995,0.255705001809682
"62",704008006,1,3071,15.4889796741817,0.253473953229349
"63",704015002,1,3026,15.1534879062547,0.247214999824283
"64",704087011,1,2550,14.539027310565,0.235751588184008
"65",704084003,1,3050,13.9364861777473,0.224510546717492
"66",704089008,1,2608,13.8340759601103,0.222599975902735
"67",704015008,1,1631,13.7986463620981,0.221938999317561
"68",704087009,1,2384,13.718494648406,0.220443684411818
"69",704091003,1,2722,13.6887100829771,0.219888021873922
"70",704084005,1,2633,13.4295623788636,0.21505334764302
"71",704094006,1,2245,13.2863821980233,0.212382170087917
"72",704038026,1,2239,13.2736542565805,0.212144716892195
"73",704038025,1,2300,13.200941284509,0.210788179571021
"74",704089004,1,2529,13.1711890005729,0.210233119278481
"75",704006008,1,1888,13.0738868499411,0.208417844850795
"76",704084008,1,2483,12.8933430262748,0.20504960906104
"77",704084006,1,2703,12.828057519814,0.203831638958556
"78",704095007,1,2407,12.6851119894598,0.201164839056199
"79",704004013,1,1531,12.2962011083447,0.193909295652963
"80",704022011,1,1786,12.1273850750323,0.190759854183626
"81",704022007,1,2073,12.1228070175439,0.190674445684089
"82",704020004,1,2638,12.0671515484196,0.189636134103037
"83",704008004,1,2562,12.0632827949901,0.189563958420158
"84",704093001,1,2480,11.9385741106244,0.187237386148429
"85",704091002,1,2628,11.9237749546279,0.186961292256801
"86",704020011,1,1531,11.8636187524215,0.185839014744712
"87",704091006,1,2314,11.8490450099852,0.185567126181214
"88",704091009,1,2086,11.6888938697747,0.182579337447861
"89",704089005,1,2382,11.6422287390029,0.1817087501278
"90",704087006,1,2316,11.6399457204604,0.181666158004693
"91",704094004,1,2084,11.5874339727551,0.180686495868311
"92",704095005,1,2232,11.56356854212,0.180241261044041
"93",704094001,1,2423,11.5342504879326,0.179694301766263
"94",704091007,1,2386,11.514332593379,0.179322712398487
"95",704022009,1,1955,11.4508287940022,0.178137981924175
"96",704091013,1,1779,11.2509486465975,0.174409006584678
"97",704092004,1,1974,11.1752717391304,0.172997173917061
"98",704002001,1,2135,11.1267458828434,0.172091872796506
"99",704091004,1,2325,11.0862101850086,0.171335636524129
"100",704012007,1,854,11.0664766100816,0.170967485833738
"101",704094010,1,1709,11.0364869228285,0.170407996531483
"102",704096008,1,1787,11.0315451571085,0.170315802670597
"103",704092005,1,1892,10.9446404812865,0.168694504121267
"104",704038024,1,2013,10.8377301604393,0.166699979126398
"105",704089003,1,2335,10.7430411778238,0.16493345610908
"106",704086007,1,2064,10.6782554710539,0.163724810297909
"107",704017008,1,1903,10.6235694746832,0.162704585255404
"108",704095001,1,2155,10.5969708890637,0.1622083605371
"109",704089007,1,2124,10.5824323651039,0.161937129011494
"110",704082006,1,2169,10.3794803081782,0.158150843954161
"111",704091014,1,1035,10.2272727272727,0.155311250712658
"112",704082010,1,1467,10.065180102916,0.152287241541218
"113",704089011,1,1934,10.0134617375997,0.151322380791576
"114",704038017,1,2103,9.87973315794419,0.148827532842963
"115",704095002,1,2051,9.87149251576262,0.148673794956155
"116",704093003,1,1825,9.74789018267279,0.146367862836429
"117",704038019,1,2202,9.73173642108985,0.146066497346334
"118",704092007,1,1663,9.69396677353541,0.145361864664496
"119",704091012,1,1615,9.67761265580058,0.145056761318694
"120",704008002,1,2103,9.5791199781361,0.143219276351325
"121",704004010,1,1428,9.57682248004829,0.143176414097003
"122",704015004,1,1953,9.50966548181331,0.141923529338089
"123",704083005,1,1939,9.46546253356114,0.141098876634428
"124",704004005,1,1673,9.37622597096901,0.139434074273573
"125",704010001,1,1669,9.35747925543844,0.139084334487917
"126",704038023,1,1641,9.32545320225038,0.13848685462756
"127",704092009,1,1478,9.29209103482962,0.137864448144477
"128",704084002,1,1894,9.22282820412933,0.136572276855939
"129",704093006,1,1561,9.15757362431069,0.135354883722642
"130",704091008,1,1937,9.13851670126439,0.134999356688021
"131",704083002,1,2081,8.9221402846853,0.130962626017424
"132",704082009,1,1488,8.9048473967684,0.13064000892199
"133",704093002,1,1781,8.78378378378378,0.12838143930819
"134",704087002,1,1873,8.78188297074269,0.128345977632545
"135",704093005,1,1679,8.74661387789123,0.127687995440731
"136",704092002,1,1577,8.72765509989485,0.127334299405714
"137",704020003,1,1730,8.71887914524745,0.127170574699256
"138",704086008,1,1717,8.67785302739311,0.126405189123247
"139",704083006,1,1922,8.67132867132867,0.126283470367351
"140",704015006,1,1509,8.62285714285714,0.125379182789596
"141",704092003,1,1445,8.56600865492916,0.12431861418224
"142",704089002,1,1862,8.49258836944128,0.12294888118195
"143",704004009,1,1193,8.48204763597583,0.122752232662008
"144",704089001,1,1735,8.4812044776849,0.122736502653225
"145",704087008,1,1719,8.47048388686311,0.122536498704267
"146",704095003,1,1739,8.44666796191956,0.12209218746098
"147",704017007,1,1469,8.39045007996345,0.121043383474316
"148",704038021,1,1626,8.38446862269891,0.120931793069149
"149",704008003,1,1890,8.31719767646541,0.119676782489927
"150",704087005,1,1710,8.31590721198269,0.119652707511521
"151",704020006,1,1518,8.27067669172932,0.118808884366465
"152",704095006,1,1573,8.2489905081546,0.118404305698658
"153",704087003,1,1727,8.23282642894599,0.118102747722355
"154",704094005,1,1344,8.22823558222114,0.118017100626099
"155",704082001,1,1830,8.17950207839807,0.117107925621362
"156",704094009,1,1405,8.16101301115242,0.116762992536689
"157",704024010,1,1635,8.15380011968881,0.116628428425427
"158",704086005,1,1570,8.14949390085648,0.116548091363239
"159",704022002,1,2660,8.11074521283083,0.115825193646975
"160",704096003,1,1593,8.06418953123418,0.114956648216918
"161",704017002,1,1876,8.01332706847209,0.114007755233755
"162",704015003,1,1511,8.00105904156738,0.113778882229678
"163",704004007,1,1264,7.99291766788921,0.113626996301687
"164",704020005,1,1665,7.96993920827151,0.113198308858904
"165",704091010,1,1547,7.96478401894661,0.113102133355171
"166",704096009,1,1281,7.9387704511651,0.112616822762753
"167",704086006,1,1546,7.93756738717462,0.112594378332875
"168",704091011,1,1417,7.87309701077898,0.111391615343009
"169",704019008,1,1458,7.84841470635732,0.110931140875157
"170",704093004,1,2958,7.80948860786229,0.110204933379138
"171",704096002,1,1749,7.77195165303946,0.109504641826067
"172",704006005,1,1156,7.77195105553315,0.109504630678955
"173",704084007,1,1546,7.75364862831636,0.10916317956122
"174",704082002,1,1828,7.6658559087478,0.107525313617507
"175",704020009,1,1283,7.60972716488731,0.106478172596199
"176",704096006,1,1442,7.52570325139606,0.104910617711909
"177",704006001,1,1216,7.52382130924391,0.104875508092635
"178",704087007,1,1469,7.50523680580391,0.10452879454492
"179",704004001,1,1390,7.48599741490737,0.104169863379761
"180",704025010,1,1643,7.38626146376551,0.102309183832051
"181",704086003,1,1569,7.3817925194072,0.102225810953243
"182",704024002,1,1808,7.35407768964816,0.101708761521112
"183",704019005,1,1532,7.34877920084425,0.10160991261419
"184",704087010,1,1322,7.33588591088175,0.101369374667128
"185",704083001,1,1633,7.25971370143149,0.0999483016176878
"186",704083003,1,1541,7.23678031370339,0.0995204550386273
"187",704086001,1,1471,7.17630988389111,0.0983923152785432
"188",704096005,1,1349,7.16105743709523,0.0981077647681133
"189",704006004,1,1167,7.15117347876708,0.0979233690822943
"190",704006006,1,984,7.13301920985864,0.0975846820143431
"191",704092008,1,1203,7.07980225988701,0.0965918635845785
"192",704082007,1,1401,7.04338645618621,0.0959124882902766
"193",704020008,1,1258,7.02283257969073,0.095529034007408
"194",704091001,1,1679,7.00897516176164,0.0952705092344497
"195",704022008,1,1166,6.99334252983866,0.0949788659687773
"196",704001024,1,1449,6.90921228304406,0.0934093273243634
"197",704096007,1,1181,6.83567749030503,0.0920374580703168
"198",704083007,1,1394,6.78708797896684,0.0911309693975252
"199",704082003,1,1498,6.70816353947427,0.0896585505886904
"200",704082008,1,1506,6.67701174905786,0.0890773810240674
"201",704014006,1,1001,6.62606738598001,0.0881269601039797
"202",704020010,1,1052,6.61676835021071,0.0879534767665144
"203",704087004,1,1332,6.59895962348279,0.0876212361530342
"204",704092006,1,1003,6.43980738362761,0.084652082961227
"205",704038018,1,1311,6.40011716461629,0.0839116199896205
"206",704022006,1,1492,6.37035139404808,0.0833563080897087
"207",704022004,1,1135,6.34965034965035,0.082970108234129
"208",704038013,1,1400,6.32339656729901,0.0824803161851046
"209",704038004,1,1372,6.32258064516129,0.0824650942955373
"210",704083004,1,1377,6.19739862280031,0.0801296914033869
"211",704022010,1,933,6.19316296050448,0.0800506706479359
"212",704011006,1,848,6.13381555153707,0.0789434820282758
"213",704038009,1,1323,6.12386595074986,0.0787578617130265
"214",704017005,1,1115,6.09989605558291,0.0783106779925397
"215",704017004,1,1246,6.09678524245242,0.0782526424867628
"216",704038001,1,1356,6.0894557212143,0.0781159025238293
"217",704008001,1,1385,6.0774935275791,0.0778927351625324
"218",704038002,1,1388,6.07439824945295,0.0778349894786757
"219",704017010,1,1040,6.03948896631823,0.0771837199172955
"220",704082004,1,1238,6.02374464772285,0.0768899930187432
"221",704020001,1,1228,5.96058635083972,0.0757117082585018
"222",704020007,1,1056,5.8843196255433,0.0742888719160876
"223",704038012,1,1224,5.86600210869357,0.0739471392853069
"224",704004012,1,708,5.85172328291594,0.0736807527036825
"225",704038016,1,1222,5.85080915445753,0.0736636986714396
"226",704096001,1,1205,5.84781131709211,0.0736077708479282
"227",704010002,1,990,5.8194215847637,0.0730781303952763
"228",704001017,1,1111,5.81218938006801,0.0729432059752647
"229",704027005,1,1223,5.79620853080569,0.0726450663472068
"230",704001027,1,1226,5.75343751466516,0.0718471278500419
"231",704033001,1,1078,5.72734034640315,0.0713602576023293
"232",704091005,1,1207,5.67519277788226,0.0703873896134172
"233",704001006,1,1224,5.65410199556541,0.0699939187851663
"234",704031008,1,1072,5.64002735834166,0.0697313415567564
"235",704001025,1,1123,5.58873295511098,0.0687743902677715
"236",704001021,1,1146,5.56986634264885,0.0684224136781771
"237",704001022,1,1168,5.53344703429979,0.0677429730009589
"238",704025003,1,1229,5.51615798922801,0.0674204275978599
"239",704002010,1,711,5.48188126445644,0.0667809590810938
"240",704027008,1,870,5.47238646370613,0.0666038235410661
"241",704027002,1,1048,5.451518934665,0.0662145177385593
"242",704025009,1,1108,5.44017282859528,0.066002844141743
"243",704001020,1,1042,5.41073839443348,0.0654537136725768
"244",704095004,1,1005,5.39945199591683,0.0652431539832491
"245",704026001,1,992,5.37232602220417,0.0647370902828379
"246",704019002,1,1098,5.36054288922521,0.0645172634872754
"247",704027006,1,1024,5.30624935226448,0.0635043601897275
"248",704001023,1,1003,5.28005895978101,0.0630157507456646
"249",704001018,1,1173,5.26528413681659,0.0627401108124591
"250",704025007,1,1029,5.25643645279935,0.0625750479188184
"251",704017006,1,935,5.25458019557154,0.0625404174789467
"252",704025011,1,1018,5.23366407896766,0.0621502052241199
"253",704019006,1,998,5.22048438562536,0.0619043241193994
"254",704037006,1,927,5.15744964949371,0.0607283445155288
"255",704038006,1,1059,5.14977630811126,0.0605851902245289
"256",704030007,1,993,5.12304596811639,0.0600865074891424
"257",704086002,1,1101,5.10976005940502,0.0598386448244867
"258",704001015,1,1061,5.09361497839654,0.05953744127968
"259",704038008,1,1111,5.04289410376288,0.0585911897726523
"260",704038014,1,940,5.00879202856077,0.0579549795281359
"261",704017001,1,1159,5.00410172272354,0.0578674769170522
"262",704038020,1,887,4.99718309859155,0.0577384026737797
"263",704019004,1,1018,4.97945607513207,0.0574076863210984
"264",704096004,1,1053,4.95786053957343,0.0570047987878091
"265",704024005,1,1021,4.88703810070841,0.055683531361105
"266",704001007,1,1052,4.8864322541688,0.0556722286537823
"267",704035001,1,1010,4.88300135370335,0.0556082215805735
"268",704030009,1,916,4.87311805075278,0.0554238381215158
"269",704086004,1,978,4.87173100871731,0.0553979613868212
"270",704001019,1,947,4.86589250847806,0.0552890379960068
"271",704038011,1,1088,4.82804526292434,0.0545829576415035
"272",704025002,1,1024,4.81565086531226,0.0543517270583593
"273",704031001,1,1126,4.81217146031882,0.0542868150819316
"274",704034006,1,971,4.81097953723431,0.0542645784974262
"275",704001008,1,1060,4.79507825929612,0.0539679233564936
"276",704019007,1,901,4.79382814578345,0.053944601168068
"277",704027007,1,827,4.78255840851261,0.0537343523118847
"278",704083008,1,1012,4.78147885660288,0.0537142121303743
"279",704025006,1,903,4.77828341623452,0.0536545978140594
"280",704034007,1,1035,4.76936546702917,0.0534882240490936
"281",704036009,1,947,4.7564038171773,0.0532464107760678
"282",704035002,1,976,4.74569678109501,0.0530466597050967
"283",704082005,1,1013,4.74517519205546,0.0530369289104626
"284",704036001,1,958,4.7383519635968,0.0529096343742693
"285",704026009,1,715,4.72571050892267,0.0526737946805967
"286",704024001,1,1064,4.71255204181061,0.0524283095736286
"287",704027004,1,999,4.69763942443337,0.0521500989400608
"288",704033006,1,956,4.68351949833431,0.0518866767998305
"289",704030012,1,901,4.68343902692588,0.0518851755206815
"290",704038015,1,899,4.68082890763303,0.0518364809874698
"291",704026002,1,864,4.66069694681195,0.0514608979872957
"292",704019003,1,962,4.65071307710902,0.0512746383492156
"293",704033004,1,885,4.56538560742842,0.0496827642469001
"294",704030005,1,921,4.5501704461242,0.0493989093367122
"295",704017011,1,679,4.54728100723279,0.0493450038012653
"296",704030011,1,901,4.51832907075874,0.048804874836262
"297",704038003,1,926,4.516852836447,0.0487773341254148
"298",704037001,1,988,4.48194520050808,0.0481260952942125
"299",704038010,1,910,4.47900772751883,0.0480712936319185
"300",704030006,1,916,4.44617027473061,0.0474586762547099
"301",704038007,1,986,4.43824270795823,0.0473107791204509
"302",704036003,1,1030,4.43411253174911,0.0472337263194021
"303",704035003,1,845,4.42014960506356,0.0469732331691134
"304",704036006,1,888,4.41791044776119,0.0469314593237857
"305",704034002,1,975,4.4107667948428,0.0467981869307416
"306",704001029,1,785,4.35192371659829,0.0457004071335838
"307",704026004,1,763,4.31780883934129,0.0450639580532071
"308",704033007,1,759,4.30418509697176,0.0448097927447096
"309",704030004,1,920,4.269735926115,0.0441671070640209
"310",704036004,1,857,4.25099206349206,0.0438174205023719
"311",704024007,1,845,4.2509306771305,0.0438162752749372
"312",704027003,1,859,4.24449056230853,0.0436961281284273
"313",704024003,1,947,4.24321175732593,0.0436722706703152
"314",704025005,1,829,4.23499361430396,0.0435189525291027
"315",704035004,1,812,4.23357664233577,0.0434925174198897
"316",704037003,1,860,4.22459104976175,0.0433248816964108
"317",704001004,1,844,4.21031627257308,0.043058570645491
"318",704034005,1,934,4.20967233064407,0.0430465572284282
"319",704026008,1,700,4.2074893310092,0.0430058310637226
"320",704036005,1,840,4.19727177334732,0.0428152117298582
"321",704031014,1,535,4.17284143202558,0.042359437899855
"322",704030002,1,835,4.16666666666667,0.0422442411279417
"323",704024006,1,867,4.13014481707317,0.0415628874354652
"324",704026003,1,703,4.12002578679013,0.0413741062339551
"325",704001009,1,892,4.11268384895569,0.0412371346262981
"326",704037005,1,842,4.09314082932283,0.0408725389462546
"327",704025012,1,773,4.08929799502724,0.0408008468122028
"328",704036008,1,833,4.08353350654444,0.0406933041889043
"329",704006003,1,551,4.06462083210387,0.0403404682644339
"330",704017009,1,635,4.04742176046912,0.0400196014108672
"331",704031003,1,769,4.03526263315317,0.0397927600436795
"332",704031007,1,747,4.01224621334193,0.0393633644133778
"333",704037007,1,665,4.00650680804916,0.039256289743492
"334",704034004,1,839,3.99790336414753,0.0390957834072675
"335",704035005,1,753,3.979705089583,0.0387562753673064
"336",704024009,1,742,3.97131235281524,0.0385996999952937
"337",704024004,1,813,3.91053391053391,0.037465813937159
"338",704024008,1,730,3.90290846877673,0.0373235532642783
"339",704030008,1,888,3.90209605835567,0.0373083968894956
"340",704034003,1,752,3.87090132290112,0.0367264261398112
"341",704036010,1,673,3.84154346709287,0.0361787243207417
"342",704034001,1,846,3.83934649421375,0.0361377374704009
"343",704030001,1,775,3.83587408433973,0.0360729559953171
"344",704035006,1,702,3.80116959064327,0.0354255069972844
"345",704026005,1,635,3.79466953507828,0.0353042415928812
"346",704027001,1,698,3.7943031093716,0.0352974055341644
"347",704031005,1,795,3.76670141192078,0.0347824667047771
"348",704030003,1,794,3.71879537258208,0.0338887289242797
"349",704031012,1,546,3.71125611745514,0.0337480761540493
"350",704025008,1,702,3.70585440532123,0.0336473015068422
"351",704008005,1,555,3.67306419589676,0.0330355655045008
"352",704001016,1,807,3.65389839717468,0.0326780072791125
"353",704033003,1,690,3.64500792393027,0.0325121461072286
"354",704036007,1,707,3.63832853025937,0.0323875349609743
"355",704037002,1,800,3.61876328764645,0.0320225246877573
"356",704031011,1,712,3.61292941594357,0.0319136876471795
"357",704001010,1,740,3.5958987317168,0.0315959622386234
"358",704033009,1,619,3.58279793945708,0.031351553116964
"359",704020002,1,663,3.57759551046838,0.0312544963073896
"360",704022005,1,681,3.57592942659105,0.0312234137523047
"361",704026007,1,533,3.57334406006972,0.031175181008199
"362",704033010,1,572,3.57299019301643,0.0311685792444303
"363",704019009,1,568,3.5694086595865,0.0311017619541132
"364",704025004,1,672,3.5437430786268,0.0306229434235325
"365",704004002,1,521,3.52193605083485,0.0302161102791721
"366",704025001,1,724,3.50435624394966,0.0298881404072305
"367",704025013,1,597,3.46609382257315,0.029174314509086
"368",704034008,1,746,3.46477172449027,0.0291496493724454
"369",704033008,1,612,3.45041438800248,0.0288817980905699
"370",704015005,1,504,3.41810783316378,0.0282790851755466
"371",704031006,1,653,3.40814196242171,0.0280931613270987
"372",704030010,1,672,3.39634084706358,0.0278729990512529
"373",704038005,1,693,3.35788351584456,0.0271555369040582
"374",704017003,1,599,3.32962757087271,0.0266283923959002
"375",704022003,1,617,3.3248908767581,0.0265400243624888
"376",704038022,1,514,3.30631673742442,0.0261935041681275
"377",704031013,1,483,3.23661462172485,0.0248931375537877
"378",704026006,1,476,3.21491287315953,0.024488268504636
"379",704033005,1,579,3.20314228811684,0.0242686758040824
"380",704037004,1,624,3.19819588949823,0.0241763955115791
"381",704031009,1,576,3.19255071499834,0.0240710788166968
"382",704092001,1,548,3.17092929059137,0.0236677082995882
"383",704001028,1,604,3.08935604316915,0.0221458731801444
"384",704033002,1,582,3.01867219917012,0.0208271913871022
"385",704037008,1,498,3.00307543870229,0.0205362173413264
"386",704001003,1,670,2.97143870853291,0.0199460007132336
"387",704001001,1,523,2.93408134642356,0.0192490596519868
"388",704001011,1,632,2.90387796360963,0.0186855836332581
"389",704031004,1,571,2.85385845661735,0.0177524168806325
"390",704019001,1,562,2.76194220562217,0.0160376221013091
"391",704031010,1,551,2.71870528445256,0.0152309916535598
"392",704001012,1,528,2.6555348790424,0.014052480995953
"393",704031002,1,521,2.48984468339307,0.0109613553309229
"394",704001013,1,543,2.43203296457204,0.0098828166335253
"395",704001005,1,520,2.36299191129692,0.00859478283717973
"396",704001026,1,497,2.36183053747089,0.00857311618136915
"397",704022001,1,434,2.3117076808352,0.00763802133194829
"398",704001002,1,461,2.19440213252094,0.00544956238527625
"399",704036002,1,506,2.17784281656194,0.0051406308497944
"400",704001014,1,426,1.9022952576583,0
