"","GEOLEV2","ELECTRIC","cnt","freq","norm"
"1",704011005,2,13373,58.135895318002,1
"2",704002004,2,12660,53.5691617653281,0.921441385663687
"3",704004004,2,11010,44.9039520371956,0.772379290990558
"4",704011004,2,11712,44.1445855791338,0.759316392524787
"5",704004003,2,10410,42.9437729466606,0.738659576138071
"6",704011007,2,8662,40.7355154251317,0.700672325735104
"7",704004011,2,5408,35.6446084893224,0.613096689894004
"8",704012006,2,6446,35.2394489394271,0.606126987708014
"9",704002003,2,8242,34.0592586470515,0.585824924328839
"10",704011003,2,10097,33.9132771302858,0.583313697093102
"11",704012004,2,5941,33.4666516448851,0.57563068277758
"12",704014009,2,7188,33.034606369778,0.568198482551428
"13",704002011,2,5493,32.4837374334713,0.5587222344152
"14",704012001,2,6597,31.9312681510165,0.54921845654149
"15",704015009,2,5492,31.9098251118471,0.54884958556952
"16",704010009,2,5832,30.635079056574,0.526920939508202
"17",704038025,2,5603,29.4043558121228,0.505749589877135
"18",704011002,2,6437,27.5026703695792,0.473036104067941
"19",704010007,2,5600,26.5453166477057,0.456567356558892
"20",704002005,2,5551,26.2000283192524,0.450627580936573
"21",704010008,2,5452,25.9211714924167,0.445830584207564
"22",704010006,2,5793,25.63501194796,0.440907963469495
"23",704014002,2,6754,25.5233920338599,0.438987837041512
"24",704002007,2,5154,24.8301777713542,0.427062912744423
"25",704011008,2,5003,24.7098335555885,0.42499270770073
"26",704012002,2,4186,23.7046265360439,0.407700770331116
"27",704014004,2,6169,23.3453169347209,0.401519795664629
"28",704010005,2,4926,23.0100896860987,0.395753094403042
"29",704014010,2,4875,22.6765280491208,0.390015045599781
"30",704012005,2,3710,22.5641649434375,0.388082134519423
"31",704014011,2,4209,22.5369458128079,0.387613901117794
"32",704012003,2,4008,22.5016842578037,0.387007319002039
"33",704089009,2,4633,22.2997689641894,0.383533898559026
"34",704004006,2,4394,22.1639344262295,0.381197223349478
"35",704020011,2,3000,21.2074084546868,0.364742715103187
"36",704004010,2,3303,20.6398800224958,0.354979884249329
"37",704014007,2,4779,20.494017753763,0.3524707083617
"38",704091012,2,3686,20.2940042944448,0.349030003965129
"39",704022012,2,3493,20.1720951720952,0.34693287882825
"40",704089010,2,4337,20.1355680393704,0.346304525783467
"41",704004008,2,3546,19.57169665526,0.336604604803037
"42",704002006,2,4072,18.6737595157296,0.321157962990244
"43",704094007,2,3316,18.1093331877014,0.311448495662361
"44",704004007,2,2949,17.3972037047962,0.299198184852721
"45",704038027,2,3429,16.9433738511711,0.291391238370291
"46",704020008,2,3175,16.5201103075082,0.284110104687823
"47",704002009,2,3412,16.1905665749265,0.278441173339796
"48",704091009,2,3143,15.9973532854889,0.275117447942966
"49",704089005,2,3484,15.5995343422584,0.268274021547174
"50",704096007,2,2946,15.545353807187,0.267341988243693
"51",704014001,2,3155,15.0546356825882,0.258900476284751
"52",704006007,2,2757,14.7228452419096,0.253192896245518
"53",704020006,2,2851,14.3939011460595,0.247534280067009
"54",704014005,2,3127,14.3869335173683,0.2474144203798
"55",704084008,2,3020,14.2938280954184,0.24581278699103
"56",704020009,2,2540,13.8911676237353,0.238886074858917
"57",704004001,2,2668,13.4137757667169,0.230673806209952
"58",704014003,2,3039,13.2377923944766,0.227646476125994
"59",704015007,2,3321,13.1270010672359,0.225740603351039
"60",704004009,2,1964,13.0645912326216,0.224667006638704
"61",704094008,2,2464,12.8179784632992,0.22042468393427
"62",704022010,2,2087,12.7101096224117,0.218569084834292
"63",704004012,2,1585,12.2849170671214,0.211254767591026
"64",704002002,2,2826,12.1558843771507,0.209035100248654
"65",704096008,2,2165,12.1186677861741,0.208394886891837
"66",704004013,2,1637,12.0945696342815,0.207980341703485
"67",704089007,2,2549,11.5747888475161,0.199038883241776
"68",704020010,2,1948,11.3824938646722,0.19573095488953
"69",704006002,2,2200,11.1885266744647,0.192394260616994
"70",704084001,2,2742,11.0828179944222,0.190575821390865
"71",704010004,2,2341,10.9244481777031,0.187851486105995
"72",704014008,2,2122,10.873686907507,0.186978272242616
"73",704006004,2,1911,10.8610400682012,0.18676071670535
"74",704094003,2,2218,10.6353392471829,0.182878128954334
"75",704084004,2,2476,10.6215949551714,0.182641694635798
"76",704091003,2,2310,10.566279388894,0.181690136111996
"77",704002001,2,2206,10.5605821245632,0.181592129695337
"78",704094009,2,1938,10.3925353925354,0.17870132858781
"79",704038024,2,2088,10.3556018449635,0.178065984246761
"80",704038026,2,1775,9.52866652351299,0.163840741576128
"81",704020003,2,2074,9.52162335873657,0.163719582489662
"82",704011001,2,2004,9.45863029216029,0.162635952808633
"83",704089003,2,2206,9.24443699451033,0.158951321667047
"84",704008006,2,2001,9.15119363395226,0.157347315408084
"85",704025010,2,2210,9.08791841434329,0.156258832027793
"86",704010003,2,2138,9.06431508882011,0.155852799022923
"87",704038019,2,2104,8.57166137048806,0.147377990275402
"88",704095006,2,1715,8.33130920573233,0.143243364771603
"89",704019008,2,1599,7.90214974054855,0.135860807299115
"90",704091008,2,1814,7.89863276147348,0.135800306943752
"91",704091010,2,1667,7.76902642494291,0.133570771524264
"92",704096005,2,1571,7.67689601250977,0.131985910604419
"93",704095007,2,1588,7.61703760552571,0.130956204479722
"94",704006005,2,1215,7.53768844221105,0.129591211263708
"95",704038011,2,1791,7.3612823674476,0.126556609696946
"96",704096006,2,1510,7.23561263117543,0.124394793109296
"97",704091004,2,1622,7.09908963585434,0.1220462748054
"98",704091011,2,1374,6.99628290646163,0.120277755991595
"99",704084003,2,1659,6.96824596774194,0.119795454357255
"100",704094006,2,1265,6.8437567626055,0.117653945696295
"101",704084005,2,1450,6.79188720783175,0.116761666717837
"102",704022002,2,2362,6.562387130831,0.112813722781257
"103",704086003,2,1417,6.20077017328899,0.10659305613247
"104",704017010,2,1147,6.10236220472441,0.104900206404998
"105",704017008,2,1173,6.00399242463019,0.103208013609505
"106",704091002,2,1437,5.9567235947604,0.102394877976992
"107",704083006,2,1432,5.95153983624953,0.102305705074529
"108",704084006,2,1352,5.93711575619181,0.102057576794361
"109",704091006,2,1258,5.87795533127745,0.101039877611518
"110",704094001,2,1330,5.82719943918682,0.100166756264268
"111",704017006,2,1120,5.80882734298014,0.0998507127719544
"112",704022007,2,1091,5.77982623437169,0.0993518251359191
"113",704095002,2,1287,5.72457966373098,0.0984014535001958
"114",704022009,2,1030,5.51362346769445,0.0947725081599128
"115",704096004,2,1261,5.47024119382266,0.0940262304796373
"116",704008002,2,1316,5.43554582627731,0.0934293881268234
"117",704094002,2,1084,5.39813754295105,0.0927858772083704
"118",704006008,2,818,5.26281927555813,0.0904580830732047
"119",704094004,2,1029,5.23717426710098,0.0900169282946744
"120",704086005,2,1088,5.23555170588518,0.089989016405505
"121",704096009,2,923,5.20322453351373,0.0894329126088589
"122",704015001,2,1209,5.15059856004771,0.0885276214404769
"123",704093002,2,1132,5.10692050888748,0.0877762556915273
"124",704084002,2,1088,4.89428699955016,0.0841184565967613
"125",704083005,2,1075,4.85853746723312,0.083503480117489
"126",704020001,2,1083,4.83374246819906,0.0830769475107322
"127",704006001,2,844,4.81982753697676,0.0828375777943254
"128",704019005,2,1086,4.7429794296196,0.0815156086540825
"129",704020007,2,877,4.5419234553835,0.0780569705360829
"130",704093001,2,1016,4.46848748735541,0.0767936982596974
"131",704092007,2,828,4.42307692307692,0.0760125291888942
"132",704086007,2,917,4.40822997788674,0.0757571266286583
"133",704087009,2,840,4.40505532539724,0.075702515099937
"134",704093004,2,1780,4.30138707650669,0.0739191761138591
"135",704096003,2,925,4.29453549375551,0.0738013126911884
"136",704087002,2,980,4.22195416164053,0.0725527421731431
"137",704092004,2,802,4.16407061266874,0.0715570082754583
"138",704015002,2,897,4.0625,0.0698097535918837
"139",704089006,2,899,4.03066714490674,0.0692621532211481
"140",704095005,2,844,4.01828223195582,0.0690491034364654
"141",704086002,2,928,4.01592522070279,0.0690085572701788
"142",704002008,2,799,3.8979412625622,0.0669789542380485
"143",704095004,2,773,3.83394504513441,0.0658780679906017
"144",704017004,2,849,3.82036628717995,0.0656444812492237
"145",704020004,2,900,3.77675199328577,0.0648942122759929
"146",704038017,2,860,3.74336206146078,0.0643198265040401
"147",704094010,2,617,3.68292246164866,0.0632801224885734
"148",704010001,2,683,3.49324877250409,0.0600172865855395
"149",704083007,2,764,3.46485260770975,0.059528805413389
"150",704087007,2,731,3.4600274530222,0.0594458013445419
"151",704087008,2,762,3.45954780713702,0.0594375503012794
"152",704008004,2,751,3.22110229466009,0.0553357237246156
"153",704091013,2,534,3.07887453874539,0.052889070050617
"154",704025003,2,740,3.02460557508379,0.0519555155663124
"155",704096002,2,736,2.99077573245561,0.0513735622884537
"156",704038018,2,663,2.98998827455579,0.0513600161507725
"157",704093006,2,530,2.85544959862076,0.0490456328318882
"158",704083002,2,671,2.66090335884522,0.0456989775377211
"159",704017001,2,671,2.65049770895876,0.0455199757573631
"160",704086001,2,581,2.62765139523314,0.0451269651452317
"161",704017002,2,669,2.61420030479465,0.0448955745869756
"162",704024002,2,670,2.50074649149,0.0429439007567461
"163",704087006,2,533,2.46007569463676,0.0422442668919953
"164",704095001,2,544,2.45343435710098,0.042130020184117
"165",704091007,2,549,2.41711795007265,0.0415052921195359
"166",704087001,2,523,2.39403094387989,0.0411081410278951
"167",704083004,2,570,2.39254533243788,0.0410825849986282
"168",704089001,2,518,2.32861317149921,0.0399828006742445
"169",704024010,2,503,2.32118135671435,0.0398549558887389
"170",704095003,2,498,2.23619218679838,0.0383929412243882
"171",704015006,2,418,2.18219785956669,0.037464111136007
"172",704087011,2,419,2.16727874618528,0.0372074671122531
"173",704086006,2,452,2.15999235400937,0.0370821239394474
"174",704004005,2,415,2.14138286893705,0.0367619967973815
"175",704006006,2,312,2.0997375328084,0.0360455985529687
"176",704022008,2,377,2.07439198855508,0.0356095952667742
"177",704087005,2,462,2.07044904544232,0.0355417673228462
"178",704093005,2,427,2.02360077721435,0.0347358663449162
"179",704091014,2,209,1.85777777777778,0.0318833186955792
"180",704019006,2,378,1.81966976363549,0.0312277707527013
"181",704011006,2,275,1.800091641029,0.0308909807548763
"182",704089002,2,415,1.74876743500063,0.0300080830642197
"183",704093003,2,327,1.60538072561245,0.0275414926503376
"184",704091005,2,370,1.60499718041036,0.0275348947660371
"185",704019004,2,352,1.57135842149904,0.026956228579892
"186",704010002,2,293,1.55934007450772,0.0267494845963945
"187",704019007,2,303,1.49940617577197,0.0257184798350819
"188",704083001,2,362,1.49908895146596,0.025713022826998
"189",704015004,2,333,1.4779636944654,0.0253496184596706
"190",704025009,2,330,1.46973678350332,0.025208096140053
"191",704031014,2,202,1.46207295888825,0.0250762602369218
"192",704092005,2,268,1.42039431842273,0.0243592890791726
"193",704084007,2,293,1.37076023391813,0.0235054654747169
"194",704082009,2,250,1.36172994171796,0.0233501230983521
"195",704008003,2,329,1.33295519001702,0.0228551293363066
"196",704038021,2,276,1.29540974373416,0.0222092588907027
"197",704092002,2,246,1.24955554426779,0.0214204582457713
"198",704082010,2,198,1.24889617762079,0.0214091155804876
"199",704022011,2,200,1.24107973937325,0.0212746543620501
"200",704087003,2,280,1.23196057726153,0.0211177832130894
"201",704089011,2,257,1.22351820995001,0.0209725545348534
"202",704089004,2,252,1.20493449364062,0.0206528706764356
"203",704038013,2,275,1.14616763222607,0.0196419417162998
"204",704008001,2,276,1.1035144536404,0.0189082061987618
"205",704091001,2,280,1.08124806919988,0.0185251717414739
"206",704017007,2,203,1.05192247901337,0.0180207022551169
"207",704092003,2,192,1.05147864184009,0.0180130672063623
"208",704083003,2,232,1.02036328451423,0.017477809493622
"209",704089008,2,210,1.01788570597644,0.0174351892849777
"210",704022006,2,261,1.01572229140722,0.0173979734393776
"211",704092008,2,185,1.0061456463806,0.0172332325026435
"212",704096001,2,200,0.893655049151028,0.0152981282662589
"213",704025005,2,185,0.875035474411125,0.0149778275580553
"214",704086004,2,183,0.853982920341593,0.0146156738530347
"215",704008005,2,133,0.810185185185185,0.0138622492563793
"216",704087004,2,175,0.803784677567518,0.013752145392492
"217",704024003,2,190,0.788316322296905,0.013486053109659
"218",704086008,2,163,0.762930025743038,0.0130493487875435
"219",704094005,2,131,0.739444569880334,0.0126453434195162
"220",704019002,2,161,0.726993588006864,0.0124311570931575
"221",704015008,2,92,0.704117557018215,0.0120376352738408
"222",704038010,2,150,0.687064858922682,0.011744288548522
"223",704022004,2,122,0.627055921052632,0.0107119929366825
"224",704082006,2,139,0.609168200543431,0.0104042818515864
"225",704082008,2,142,0.578364288041707,0.00987438172617719
"226",704037002,2,134,0.558147284238587,0.00952660146124906
"227",704082001,2,130,0.533245826325936,0.00909823751007734
"228",704037004,2,107,0.508506795931946,0.00867266769625758
"229",704038003,2,111,0.49608938547486,0.00845905887763433
"230",704012007,2,43,0.492216117216117,0.00839242950592913
"231",704092009,2,78,0.449982692973347,0.00766591475552355
"232",704092006,2,75,0.442660685828956,0.00753995892105469
"233",704020005,2,100,0.440858792928625,0.0075089621029133
"234",704025011,2,88,0.414468726450641,0.00705499056486729
"235",704006003,2,60,0.402414486921529,0.00684762914485834
"236",704038006,2,84,0.379540936200976,0.00645414999201704
"237",704015003,2,72,0.347893312717433,0.00590973604291577
"238",704017005,2,68,0.33720122979272,0.0057258069370798
"239",704025002,2,77,0.334041907075615,0.00567145911668819
"240",704014006,2,54,0.325007523322299,0.0055160463559355
"241",704026009,2,54,0.323392022996766,0.00548825593077277
"242",704082003,2,77,0.318273880874633,0.00540021178533414
"243",704082007,2,64,0.296543415809471,0.00502639640838856
"244",704025012,2,59,0.289414303934072,0.00490375882861298
"245",704024009,2,57,0.280857354028086,0.00475655905884188
"246",704025006,2,57,0.275535360371248,0.00466500818503558
"247",704025001,2,62,0.271275432071757,0.00459172734644054
"248",704036009,2,52,0.242153301667132,0.00409075784937645
"249",704038016,2,54,0.240213523131673,0.00405738907230475
"250",704038002,2,57,0.233568267497132,0.00394307496386405
"251",704087010,2,45,0.229744218103844,0.00387729227301397
"252",704083008,2,49,0.216163755073231,0.0036436762002948
"253",704017009,2,37,0.216007939751299,0.00364099580835992
"254",704026008,2,36,0.199656147745549,0.0033597063249533
"255",704038022,2,32,0.190396858451836,0.00320042465715656
"256",704025004,2,37,0.181461500735655,0.00304671537837207
"257",704001025,2,40,0.180472838837755,0.00302970805621275
"258",704082002,2,45,0.174128390666718,0.00292056854735014
"259",704019003,2,39,0.172170227794455,0.00288688351621893
"260",704038007,2,40,0.168406871000337,0.00282214488157141
"261",704035004,2,34,0.162913272640153,0.00272764200113873
"262",704030008,2,40,0.161910544424206,0.00271039270505167
"263",704030012,2,33,0.158516668267845,0.00265201001094494
"264",704038004,2,36,0.154938670109748,0.00259045998308456
"265",704038014,2,28,0.140189255494918,0.00233673517933848
"266",704038012,2,31,0.138133856162552,0.00230137745119516
"267",704004002,2,22,0.13770655983976,0.00229402694417687
"268",704037003,2,30,0.136338847482276,0.00227049905791522
"269",704001021,2,29,0.125928177515307,0.0020914109203034
"270",704033010,2,21,0.121002592912705,0.00200667921946876
"271",704025008,2,25,0.120883903099463,0.00200463747406002
"272",704037006,2,23,0.11906610757364,0.00197336709316122
"273",704082004,2,26,0.116414435389988,0.00192775206219454
"274",704038001,2,28,0.115630807350816,0.00191427180717146
"275",704036008,2,25,0.112107623318386,0.00185366471187082
"276",704038023,2,21,0.108052482634422,0.0017839067044468
"277",704026003,2,20,0.107446008380789,0.00177347391338365
"278",704036006,2,23,0.105234260614934,0.00173542662252622
"279",704017003,2,20,0.101916021198532,0.00167834505917641
"280",704033009,2,19,0.100988625491655,0.0016623916603557
"281",704036003,2,25,0.0996810207336523,0.00163989776691886
"282",704033002,2,21,0.0992579288178853,0.00163261958564199
"283",704019009,2,17,0.0981694288849108,0.00161389481323008
"284",704030002,2,21,0.0969708164019209,0.00159327584461634
"285",704033007,2,18,0.0940930475692629,0.00154377141672138
"286",704037005,2,21,0.0939135101292429,0.00154068294826865
"287",704034001,2,22,0.091869545245751,0.00150552191968068
"288",704002010,2,13,0.0917366452614494,0.00150323572573228
"289",704026007,2,15,0.0911964980544747,0.00149394391669019
"290",704036007,2,19,0.0899663809839481,0.00147278299468382
"291",704038020,2,17,0.0898282694848085,0.00147040715035851
"292",704001004,2,20,0.0896860986547085,0.00146796147594312
"293",704022003,2,18,0.0892945728742931,0.00146122630682681
"294",704031012,2,14,0.0866015093405914,0.00141489924677676
"295",704036001,2,19,0.0860000905264111,0.0014045534212249
"296",704025007,2,18,0.0843684087180689,0.00137648463629961
"297",704024004,2,19,0.0840633572250243,0.00137123702937917
"298",704038015,2,17,0.0817111271329007,0.00133077311036441
"299",704092001,2,15,0.0812611734113441,0.00132303284251798
"300",704001028,2,17,0.0792097660982201,0.00128774378654404
"301",704024008,2,16,0.0781211854889898,0.00126901762630978
"302",704031005,2,18,0.0779153320058869,0.00126547645969642
"303",704031006,2,16,0.0773619572575186,0.00125595710566818
"304",704001020,2,16,0.0760998810939358,0.00123424641169964
"305",704030009,2,15,0.0732779677576942,0.00118570283040344
"306",704034003,2,15,0.0719148528142679,0.00116225403053335
"307",704030005,2,15,0.0691913833663914,0.00111540391687012
"308",704034006,2,15,0.0691881918819188,0.00111534901579149
"309",704031013,2,11,0.0680945895753374,0.00109653647048989
"310",704037007,2,12,0.0669157419282886,0.00107625750378478
"311",704026004,2,13,0.0666803446860895,0.00107220811466399
"312",704033008,2,13,0.0665063692638257,0.00106921532606707
"313",704082005,2,15,0.0653423941453215,0.00104919220201638
"314",704038009,2,15,0.0644800756566221,0.00103435828521185
"315",704033001,2,13,0.0636225713306905,0.00101960718338916
"316",704036010,2,12,0.0635324015247776,0.00101805604953697
"317",704031003,2,13,0.0632849771200467,0.00101379976478454
"318",704017011,2,10,0.0617474529175671,0.00098735071329902
"319",704001017,2,13,0.0613034046967839,0.000979712034028404
"320",704001029,2,12,0.0597907324364724,0.000953690494706173
"321",704036004,2,13,0.0593688633146093,0.000946433348375524
"322",704001022,2,13,0.0560852495793606,0.000889947428607819
"323",704024007,2,12,0.0557957874180499,0.00088496799505141
"324",704036005,2,12,0.0548621588259498,0.000868907375868317
"325",704026001,2,11,0.0540248514316586,0.0008545037090219
"326",704037001,2,13,0.0537723362011913,0.000850159850030453
"327",704033003,2,11,0.0535175634912912,0.000845777157055354
"328",704030004,2,12,0.0515618957590341,0.000812135048231552
"329",704034005,2,12,0.0500981087963929,0.000786954451609855
"330",704027007,2,9,0.0482160077145612,0.000754577863108649
"331",704033004,2,10,0.047290267662915,0.000738652945472415
"332",704038008,2,11,0.0465707027942422,0.000726274728447923
"333",704034007,2,11,0.0464193779803351,0.000723671583868077
"334",704030011,2,10,0.0462984397425807,0.00072159116024172
"335",704035001,2,10,0.0446767636152437,0.00069369449668637
"336",704024005,2,10,0.0442634560906516,0.000686584630071157
"337",704034004,2,10,0.0441111601235112,0.00068396477935958
"338",704026005,2,8,0.043646680124393,0.000675974625194292
"339",704001024,2,10,0.0427697703263333,0.000660889703370208
"340",704001005,2,10,0.0419551080344032,0.000646875585824724
"341",704001007,2,10,0.0419023674837628,0.000645968323658046
"342",704001008,2,10,0.0412762620217113,0.000635197829395606
"343",704035002,2,9,0.0404494382022472,0.000620974504822766
"344",704033005,2,8,0.0403327451474666,0.00061896710838054
"345",704031001,2,10,0.0394601846736643,0.000603957005216887
"346",704030007,2,8,0.0378787878787879,0.000576753241413186
"347",704027002,2,8,0.0378716152243893,0.000576629854799064
"348",704030010,2,8,0.0374584445380906,0.000569522342126026
"349",704031011,2,8,0.0369037734108313,0.000559980687315809
"350",704033006,2,8,0.0359259924555416,0.000543160543095436
"351",704034002,2,8,0.0336049735360833,0.000503233530043788
"352",704037008,2,6,0.0329055610398157,0.00049120198147137
"353",704026006,2,5,0.0305455434052172,0.000450604098313775
"354",704031009,2,6,0.0303152789005659,0.000446643004414252
"355",704035003,2,6,0.0290374098630402,0.000424660635674451
"356",704001014,2,7,0.0284714878386073,0.000414925438832101
"357",704025013,2,5,0.0267995926461918,0.00038616488862334
"358",704031002,2,6,0.0263701489913418,0.000378777442416678
"359",704001009,2,6,0.0250920040147206,0.000356790326872026
"360",704015005,2,4,0.024919013207077,0.000353814475974518
"361",704035005,2,5,0.0245579567779961,0.000347603451740532
"362",704024001,2,6,0.0241050982282753,0.000339813213981732
"363",704022005,2,5,0.0239865675221876,0.000337774205592223
"364",704036002,2,6,0.0238682472750418,0.000335738817594108
"365",704001019,2,5,0.0236294896030246,0.000331631621135305
"366",704030003,2,5,0.0217779520013938,0.000299780796755475
"367",704001010,2,5,0.0217495323850537,0.000299291912161291
"368",704026002,2,4,0.0194420141926704,0.000259597143535403
"369",704027003,2,4,0.0178443968593862,0.000232114348120505
"370",704001026,2,4,0.017636684303351,0.000228541201057256
"371",704001011,2,4,0.0165371258475277,0.000209626195906435
"372",704001013,2,4,0.0164771791069369,0.000208594970234853
"373",704001003,2,4,0.0159527797718752,0.000199574061822711
"374",704001001,2,3,0.0153100280683848,0.000188517212850441
"375",704031007,2,3,0.014750712951126,0.000178895670432342
"376",704031008,2,3,0.0145503928606072,0.000175449691254148
"377",704022001,2,3,0.0145053669857847,0.000174675139751518
"378",704027006,2,3,0.0141609629454803,0.000168750575976102
"379",704019001,2,3,0.0136332651670075,0.000159672926538705
"380",704030001,2,3,0.0135961930659415,0.000159035198749972
"381",704030006,2,3,0.0134752728742757,0.000156955085559005
"382",704001018,2,3,0.0122055413157574,0.000135112700697755
"383",704035006,2,2,0.00986096045754857,9.47803665915786e-05
"384",704001023,2,2,0.00956342944579926,8.96621297302621e-05
"385",704038005,2,2,0.00895495656846064,7.91949576139989e-05
"386",704001002,2,2,0.00877000657750493,7.60133804881587e-05
"387",704024006,2,2,0.00867453157529493,7.43709847164626e-05
"388",704027004,2,2,0.0086054816918377,7.31831634648137e-05
"389",704034008,2,2,0.00857596157969212,7.26753477408481e-05
"390",704001027,2,2,0.00848608282416836,7.11292206434866e-05
"391",704001006,2,2,0.00838468955686916,6.93850167195697e-05
"392",704027001,2,1,0.00490532718532326,9.53175759467195e-06
"393",704031004,2,1,0.00461063211766333,4.46230567677868e-06
"394",704001015,2,1,0.00435123139848577,0
