"","GEOLEV2","RADIO","TV","cnt","freq","norm"
"1",704001013,1,10,174,1.25895376600825,0
"2",704001026,1,10,239,1.67449029636376,0.00549143256762501
"3",704038015,1,10,311,1.78243924805135,0.00691800844154645
"4",704022001,1,10,358,2.14204511458146,0.0116703014957406
"5",704001028,1,10,292,2.29975584783807,0.0137544933624061
"6",704001010,1,10,480,2.69435868650014,0.0189692812840654
"7",704026002,1,10,373,2.75846768229552,0.0198164997634787
"8",704027005,1,10,541,2.78478406341689,0.0201642781699363
"9",704001002,1,10,349,2.93944243240967,0.0222081321810772
"10",704001015,1,10,540,3.08942159162423,0.0241901491139116
"11",704020002,1,10,564,3.11653865281538,0.0245485087335483
"12",704022003,1,10,541,3.20042593469001,0.0256571028475285
"13",704001027,1,10,665,3.29061309317631,0.0268489516095843
"14",704001011,1,10,567,3.2932566649242,0.0268838871565959
"15",704015005,1,10,487,3.55033899540716,0.0302813027363217
"16",704031014,1,10,363,3.62203153063261,0.0312287398303741
"17",704031001,1,10,776,3.64541739089585,0.0315377905763136
"18",704031013,1,10,514,3.70263650770782,0.0322939573597325
"19",704031004,1,10,506,3.70967741935484,0.0323870049950177
"20",704001005,1,10,559,3.71009490940466,0.0323925222438966
"21",704031008,1,10,635,3.78313970807268,0.0333578298811289
"22",704031005,1,10,604,3.78802132329884,0.0334223418045755
"23",704024008,1,10,590,3.79787576440296,0.0335525710259838
"24",704022005,1,10,621,3.80654652445752,0.0336671575681319
"25",704008005,1,10,510,3.81422481489791,0.0337686283441236
"26",704001007,1,10,784,3.81787192598003,0.0338168259467675
"27",704001021,1,10,679,3.93053545586107,0.0353057063025884
"28",704033006,1,10,607,3.95491269220745,0.0356278583633632
"29",704030007,1,10,656,4.03717151824728,0.0367149319737223
"30",704031002,1,10,638,4.04591286701757,0.0368304513656782
"31",704030012,1,10,598,4.08442046308312,0.037339340119585
"32",704001025,1,10,832,4.20520596411423,0.0389355546172409
"33",704022006,1,10,949,4.29431195981719,0.0401131155078688
"34",704038010,1,10,735,4.48690556132104,0.0426582943269479
"35",704024007,1,10,733,4.50854963710173,0.0429443268991902
"36",704030004,1,10,820,4.53715487190837,0.0433223531533136
"37",704001023,1,10,772,4.55564735040718,0.0435667364776812
"38",704038020,1,10,667,4.60349230450687,0.0441990210542376
"39",704082004,1,10,663,4.62665736217725,0.044505153831573
"40",704031010,1,10,734,4.64263124604681,0.0447162532168369
"41",704031007,1,10,713,4.65343949875995,0.0448590873279494
"42",704033004,1,10,766,4.87463408425608,0.0477822362254398
"43",704027006,1,10,823,4.94353676117251,0.0486928045542742
"44",704030009,1,10,711,4.95401337792642,0.0488312560025541
"45",704026004,1,10,810,5.03355704697987,0.0498824480467644
"46",704001020,1,10,871,5.15018921475875,0.0514237750728762
"47",704038007,1,10,914,5.1946575731742,0.0520114369841467
"48",704004002,1,10,734,5.2164025300263,0.0522988027282295
"49",704092006,1,10,518,5.27333808408836,0.0530512221498498
"50",704031012,1,10,721,5.41047576166892,0.0548635352773383
"51",704001006,1,10,1016,5.42271562766866,0.0550252885622224
"52",704027002,1,10,1003,5.50433541872462,0.0561039171448502
"53",704038006,1,10,1008,5.507895743402,0.056150967840653
"54",704082007,1,10,906,5.51766138855055,0.0562800235984385
"55",704035002,1,10,901,5.55042197991745,0.0567129640626931
"56",704001029,1,10,910,5.56608966909291,0.0569200169986262
"57",704024001,1,10,1117,5.56774000598146,0.0569418266665501
"58",704001004,1,10,993,5.57896511039946,0.0570901695906325
"59",704024006,1,10,982,5.61656371539693,0.0575870457709379
"60",704031006,1,10,921,5.65759567541004,0.0581292947071185
"61",704001009,1,10,1026,5.68169232473142,0.0584477387311394
"62",704030011,1,10,937,5.70715068826897,0.0587841781929815
"63",704025006,1,10,1003,5.72684709375357,0.0590444717523726
"64",704024009,1,10,957,5.75916230366492,0.059471526374947
"65",704024003,1,10,1135,5.83967894628524,0.0605355765395445
"66",704033002,1,10,1008,5.90302178496135,0.0613726700363164
"67",704030010,1,10,912,5.93711346917518,0.0618232012683524
"68",704027008,1,10,775,5.94325153374233,0.0619043175245751
"69",704001016,1,10,1125,5.9888208677136,0.0625065291386556
"70",704006003,1,10,740,6.01234969125772,0.062817469184715
"71",704027004,1,10,1190,6.21994564081121,0.0655609082689026
"72",704017011,1,10,819,6.22576966932725,0.0656378744500478
"73",704001003,1,10,993,6.2507868563515,0.0659684836397088
"74",704025001,1,10,1104,6.25743921101853,0.0660563963848016
"75",704030005,1,10,1021,6.32041599603813,0.0668886523791544
"76",704001019,1,10,1099,6.36547929336809,0.0674841765761499
"77",704027001,1,10,1034,6.37995927685568,0.0676755336460913
"78",704017003,1,10,1100,6.409509381191,0.0680660466178026
"79",704025008,1,10,1119,6.44065845516289,0.0684776904247002
"80",704024004,1,10,1209,6.4411294619073,0.0684839149118075
"81",704030002,1,10,1074,6.49885029650248,0.0692467120373823
"82",704035001,1,10,1191,6.52710034526223,0.0696200444076159
"83",704001018,1,10,1271,6.54614750721055,0.0698717580303733
"84",704027007,1,10,933,6.59503781720506,0.0705178572802165
"85",704001024,1,10,1343,6.68924640135478,0.0717628503177889
"86",704033009,1,10,951,6.71799943486861,0.072142829773556
"87",704095007,1,10,932,6.72099228383933,0.0721823811176791
"88",704001017,1,10,1147,6.72254131989216,0.0722028520664586
"89",704038001,1,10,1205,6.75865163497672,0.072680060075374
"90",704034002,1,10,1327,6.76350662589195,0.0727442201510347
"91",704034007,1,10,1100,6.79012345679012,0.0730959690861191
"92",704036010,1,10,918,6.81413301662708,0.0734132621980152
"93",704036008,1,10,1003,6.83801472593401,0.0737288657290607
"94",704082002,1,10,1168,6.86735653809972,0.0741166260609431
"95",704030008,1,10,1222,6.87095867303908,0.0741642292911623
"96",704002010,1,10,856,6.9317353631873,0.0749674104106342
"97",704038014,1,10,940,6.9789887890712,0.075591877774812
"98",704033003,1,10,1103,6.97924576056695,0.0755952737256793
"99",704038016,1,10,1230,6.99738309250199,0.0758349636879378
"100",704082006,1,10,1182,7.03738985472732,0.0763636643459075
"101",704038008,1,10,1259,7.08736770997523,0.0770241358133225
"102",704026005,1,10,943,7.11537010488191,0.0773941953679674
"103",704001008,1,10,1333,7.12262890729361,0.0774901224912253
"104",704036004,1,10,1085,7.12830957230142,0.0775651940831331
"105",704082003,1,10,1165,7.19446674488977,0.0784394797971299
"106",704019009,1,10,997,7.22778019428737,0.0788797264363494
"107",704024005,1,10,1233,7.28551169936185,0.0796426645753206
"108",704091001,1,10,1487,7.32404078215042,0.0801518372823383
"109",704038022,1,10,832,7.32975068275923,0.0802272952309675
"110",704026001,1,10,1274,7.33068646067093,0.08023966180027
"111",704036009,1,10,907,7.3944236099788,0.0810819662233671
"112",704033007,1,10,966,7.39833039748794,0.0811335955233087
"113",704031003,1,10,1226,7.44474131649259,0.0817469289212112
"114",704082001,1,10,1256,7.44825950305402,0.0817934227499148
"115",704036003,1,10,1322,7.51648851489652,0.0826950884046004
"116",704034008,1,10,1216,7.58104738154613,0.083548252054365
"117",704019006,1,10,1313,7.60101887229362,0.0838121809431704
"118",704019003,1,10,1444,7.61001317523057,0.0839310431958555
"119",704038012,1,10,1310,7.62425794436038,0.0841192918416504
"120",704033001,1,10,1238,7.63396435838934,0.0842475648434679
"121",704034005,1,10,1192,7.65427342194824,0.0845159548522835
"122",704036007,1,10,1186,7.68184467905952,0.0848803167992385
"123",704001014,1,10,1161,7.68517905606672,0.0849243815327877
"124",704026003,1,10,1114,7.6891220320265,0.0849764890733218
"125",704035006,1,10,1185,7.76998229624287,0.0860450802943261
"126",704031009,1,10,992,7.79996854851392,0.0864413570841462
"127",704082008,1,10,1197,7.83325698579936,0.0868812731812417
"128",704025007,1,10,1289,7.83729555542044,0.086934644018999
"129",704014006,1,10,1066,7.90742526518804,0.0878614279333913
"130",704025012,1,10,1310,7.91971464844931,0.0880238356028668
"131",704034003,1,10,1207,7.92879195953491,0.0881437948316722
"132",704026008,1,10,966,7.92908150701798,0.0881476212834092
"133",704038004,1,10,1543,7.99564721732822,0.0890273059387439
"134",704087007,1,10,1201,8.00133244503664,0.0891024378280286
"135",704083004,1,10,1330,8.00626053455333,0.0891675639223456
"136",704034001,1,10,1135,8.02006783493499,0.0893500312951226
"137",704025011,1,10,1536,8.04062189184945,0.0896216589603011
"138",704035005,1,10,1356,8.05560506148637,0.0898196657772711
"139",704019004,1,10,1459,8.06210974194618,0.0899056269660225
"140",704011006,1,10,1060,8.06451612903226,0.0899374280507635
"141",704033010,1,10,1013,8.06914130954278,0.0899985511170433
"142",704091005,1,10,1299,8.0733374766936,0.0900540046506508
"143",704035004,1,10,1242,8.08383233532934,0.0901926971705494
"144",704037008,1,10,1113,8.17120622568093,0.0913473677999315
"145",704033008,1,10,1304,8.24429411392805,0.0923132448781171
"146",704038002,1,10,1654,8.34215968124275,0.0936065659806956
"147",704036006,1,10,1203,8.38152302654497,0.0941267637023697
"148",704015008,1,10,912,8.42183027056977,0.0946594353121547
"149",704031011,1,10,1415,8.42562820054781,0.0947096260290892
"150",704019007,1,10,1467,8.43200367858375,0.0947938797713311
"151",704095004,1,10,884,8.44559090474826,0.0949734388011946
"152",704087003,1,10,1165,8.46656976744186,0.0952506803946806
"153",704038023,1,10,1467,8.53701117318436,0.0961815834593827
"154",704038009,1,10,1391,8.57318952234206,0.0966596905577829
"155",704037003,1,10,1260,8.63486842105263,0.0974747946181279
"156",704024002,1,10,1604,8.68717504332756,0.0981660413992887
"157",704037002,1,10,1811,8.85314822057098,0.100359423795987
"158",704037006,1,10,1325,8.90696423769831,0.101070617656271
"159",704036005,1,10,1275,8.98330162756288,0.102079437815768
"160",704087010,1,10,1006,8.99177690382553,0.102191440984415
"161",704083008,1,10,1357,9.00046428334549,0.10230624715749
"162",704027003,1,10,1532,9.07260452445813,0.103259600811243
"163",704092003,1,10,1220,9.15091509150915,0.104294497064348
"164",704035003,1,10,1409,9.18034923117018,0.104683477530148
"165",704030006,1,10,1556,9.2114610466493,0.105094628955545
"166",704010002,1,10,1488,9.29128941617234,0.10614958339684
"167",704025004,1,10,1296,9.37974958384599,0.107318609487724
"168",704008001,1,10,2178,9.39643642952673,0.107539130864614
"169",704037007,1,10,1301,9.45082086299579,0.108257836507336
"170",704092009,1,10,1123,9.45127082982663,0.108263782946045
"171",704038003,1,10,1634,9.47411143967067,0.108565628053754
"172",704082005,1,10,1334,9.48386179439784,0.108694481744304
"173",704022011,1,10,1464,9.6075600472503,0.11032918907964
"174",704017005,1,10,1657,9.64381329298103,0.110808285957398
"175",704033005,1,10,1492,9.70911693889503,0.111671292075417
"176",704034006,1,10,1442,9.73403537194546,0.112000596203432
"177",704086006,1,10,1256,9.74172031334833,0.112102154873771
"178",704017009,1,10,1371,9.82091690544413,0.113148760197995
"179",704083003,1,10,1478,9.82386174808907,0.113187677124969
"180",704086007,1,10,1507,9.95968541405063,0.114982625217926
"181",704092005,1,10,1604,10.0268800400075,0.115870621171093
"182",704012007,1,10,832,10.0289296046287,0.115897706746219
"183",704025005,1,10,1877,10.1817195551939,0.117916869080327
"184",704026009,1,10,1373,10.2577512140456,0.11892164891817
"185",704036002,1,10,1794,10.2855177158583,0.119288591078978
"186",704022007,1,10,1775,10.2862772369031,0.119298628364022
"187",704024010,1,10,2016,10.2967465141223,0.119436982818278
"188",704037004,1,10,1553,10.3540236015734,0.120193915700061
"189",704026006,1,10,1249,10.4005329336331,0.12080854965427
"190",704082009,1,10,1489,10.4096756152125,0.120929372772608
"191",704092002,1,10,1626,10.4626471913004,0.121629407106144
"192",704083001,1,10,1652,10.5511911605033,0.122799540657896
"193",704001022,1,10,1943,10.5534734669491,0.122829701981944
"194",704096001,1,10,1704,10.5739993794601,0.123100957710885
"195",704022004,1,10,1784,10.6279042058859,0.123813325211122
"196",704087005,1,10,1611,10.6329615206917,0.123880159054119
"197",704015003,1,10,2020,10.669765476442,0.124366533720269
"198",704020001,1,10,1811,10.672402616536,0.124401384271159
"199",704089011,1,10,1575,10.7413216940599,0.12531216933865
"200",704086001,1,10,1515,10.7614717999716,0.12557845867728
"201",704038013,1,10,2152,10.8129836197367,0.126259201918876
"202",704037005,1,10,1872,10.8314528727651,0.126503278312095
"203",704092008,1,10,1258,10.8354866494401,0.126556585809717
"204",704036001,1,10,1672,10.8910891089109,0.127291388009938
"205",704034004,1,10,1631,10.8965793693212,0.127363943351333
"206",704086004,1,10,1421,10.9022556390977,0.127438956859019
"207",704004005,1,10,2057,10.9385801648498,0.127918995722383
"208",704008003,1,10,2423,10.9796991118361,0.128462394215975
"209",704089002,1,10,1903,11.0025439407956,0.128764295080484
"210",704017002,1,10,2350,11.0603849955288,0.129528680949125
"211",704025013,1,10,1471,11.0743055032749,0.129712644389185
"212",704019002,1,10,2166,11.1620716310229,0.130872498546502
"213",704095001,1,10,1869,11.3019290076797,0.13272075326514
"214",704086008,1,10,1637,11.3522884882108,0.133386268018416
"215",704086003,1,10,1756,11.4494360044337,0.134670099873088
"216",704022008,1,10,1831,11.4868255959849,0.13516421388169
"217",704095005,1,10,1752,11.4907850724733,0.135216539481368
"218",704010001,1,10,1985,11.5059123579875,0.135416450830345
"219",704038005,1,10,1928,11.5083865576315,0.135449148077184
"220",704022002,1,10,3690,11.5786500988421,0.136377700611881
"221",704082010,1,10,1483,11.6744076202472,0.137643163292596
"222",704022010,1,10,1727,11.7892006280292,0.139160185300097
"223",704087008,1,10,1921,11.8624181795727,0.140127775915352
"224",704038011,1,10,2462,11.9491360900796,0.141273777585883
"225",704087002,1,10,1932,11.9925512104283,0.141847520658739
"226",704015006,1,10,2053,12.1854226020893,0.144396370553174
"227",704089008,1,10,1826,12.2009889081919,0.144602083683176
"228",704084002,1,10,2113,12.2336729967578,0.145034013141315
"229",704019005,1,10,2402,12.2952497952498,0.145847767918446
"230",704008002,1,10,2694,12.3442082111437,0.146494767206978
"231",704083007,1,10,1883,12.412656558998,0.147399331448986
"232",704030001,1,10,2061,12.4682395644283,0.14813387655857
"233",704094005,1,10,1623,12.5,0.148553599681616
"234",704092007,1,10,1817,12.5008599931201,0.1485649647335
"235",704093006,1,10,1624,12.5473228772309,0.149178984864953
"236",704083005,1,10,1858,12.6739427012278,0.150852301587814
"237",704008004,1,10,2688,12.7799172728569,0.152252785471833
"238",704089004,1,10,2015,12.8017789072427,0.152541693142465
"239",704020005,1,10,2375,12.9048033036296,0.153903189627732
"240",704006006,1,10,1439,12.9592939481268,0.154623298879178
"241",704093005,1,10,1800,13.1964809384164,0.157757791921171
"242",704025002,1,10,2473,13.2245989304813,0.158129379124898
"243",704006001,1,10,1869,13.2253042739881,0.158138700438481
"244",704087006,1,10,2023,13.2360638576289,0.158280891374062
"245",704083002,1,10,2247,13.2371134020619,0.158294761400062
"246",704017001,1,10,2811,13.358996293128,0.159905478216859
"247",704022009,1,10,2273,13.3619422726471,0.159944410167946
"248",704019008,1,10,2297,13.3889018419212,0.160300688487434
"249",704030003,1,10,2416,13.5357723121744,0.162241623217963
"250",704038018,1,10,2510,13.5756395694737,0.16276848027895
"251",704092001,1,10,1538,13.6238816547081,0.163406013055574
"252",704093004,1,10,4450,13.6310727194756,0.163501045006739
"253",704086005,1,10,2021,13.7072707542051,0.164508023548781
"254",704089001,1,10,2014,13.7221503031955,0.164704660989652
"255",704020007,1,10,2247,13.7751348700343,0.16540486699963
"256",704017006,1,10,2082,13.7789543348776,0.165455342305887
"257",704093003,1,10,2157,13.8633588276882,0.166570771508411
"258",704092004,1,10,2196,14.4085033790434,0.173775010665951
"259",704017004,1,10,2537,14.4822468318301,0.174749551214614
"260",704020004,1,10,2954,14.5131178146802,0.175157519968823
"261",704017010,1,10,2332,14.6390458254865,0.17682169418505
"262",704026007,1,10,1703,14.650722642808,0.176976006622685
"263",704084007,1,10,2345,14.7169574494791,0.177851318293004
"264",704096009,1,10,1995,14.7942157953281,0.17887230914585
"265",704093001,1,10,2843,14.9395691014188,0.180793194123628
"266",704015004,1,10,2845,14.9823582073832,0.181358664239653
"267",704020003,1,10,2653,15.0328649138713,0.182026124625517
"268",704095003,1,10,3035,15.1250872121997,0.183244868335171
"269",704037001,1,10,2948,15.2367169733306,0.184720087145093
"270",704091004,1,10,2844,15.3887776635463,0.18672961209779
"271",704086002,1,10,2335,15.4400581895127,0.187407298726533
"272",704001012,1,10,2066,15.8630221130221,0.192996886391673
"273",704096003,1,10,2596,15.9635961136392,0.194326000205018
"274",704084006,1,10,2861,16.5528812774821,0.20211357001886
"275",704087001,1,10,2658,16.6280888332812,0.203107459102194
"276",704084005,1,10,2720,16.9333250326838,0.207141241655038
"277",704083006,1,10,2911,16.9638694638695,0.207544894936806
"278",704093002,1,10,2722,17.0284641851736,0.208398532415953
"279",704087004,1,10,2545,17.2530675886381,0.211366729805311
"280",704091007,1,10,2968,17.394362069976,0.213233976268049
"281",704006008,1,10,2402,17.4792606607481,0.214355935114633
"282",704025009,1,10,3478,17.4800221138865,0.21436599793284
"283",704006005,1,10,2331,17.5566769601567,0.215379013368364
"284",704025003,1,10,3906,17.5692695214106,0.215545427620609
"285",704087009,1,10,2620,17.6193678547411,0.2162074912399
"286",704019001,1,10,3094,17.704280155642,0.217329631269708
"287",704089003,1,10,3071,17.7874312192297,0.218428496051168
"288",704089007,1,10,2966,17.7881732037903,0.218438301586623
"289",704002001,1,10,3325,17.8055049801864,0.218667345904999
"290",704094004,1,10,2483,17.8376436781609,0.219092067872494
"291",704038017,1,10,3676,17.9334569226266,0.220358266949188
"292",704087011,1,10,3034,17.951600497012,0.220598039407191
"293",704096002,1,10,3445,17.9773521891144,0.220938355288833
"294",704084003,1,10,3024,18.0354267310789,0.221705826757156
"295",704017008,1,10,2979,18.1480353335364,0.223193981231567
"296",704015001,1,10,3788,18.4044310562628,0.226582323095938
"297",704014008,1,10,2978,18.440770326336,0.22706255680967
"298",704096004,1,10,2677,18.4633422994689,0.227360851807397
"299",704091013,1,10,2558,18.7275788857164,0.230852812896921
"300",704004001,1,10,3250,18.8002545265228,0.231813242008788
"301",704002008,1,10,3426,18.8906043228937,0.233007240076406
"302",704017007,1,10,3101,18.9721627408994,0.234085057596847
"303",704020006,1,10,2858,19.1170568561873,0.235999874238524
"304",704096005,1,10,2843,19.2367548548616,0.237581717085499
"305",704091003,1,10,3323,19.5436099511851,0.241636893818217
"306",704011001,1,10,3575,19.6353051024331,0.242848671130373
"307",704091002,1,10,3738,20.2283673358948,0.250686155985612
"308",704095006,1,10,2383,20.2981260647359,0.251608037282322
"309",704089005,1,10,2967,20.3205259913705,0.251904058636998
"310",704094009,1,10,3101,20.6142391810144,0.255785561362575
"311",704006004,1,10,2756,20.7483249265979,0.257557542347066
"312",704038026,1,10,3408,20.8542406070248,0.258957247967222
"313",704015002,1,10,4045,20.9813787022148,0.260637413790224
"314",704020010,1,10,3123,20.9991931145777,0.260872836279166
"315",704091008,1,10,3665,21.0644289901718,0.261734946793273
"316",704091010,1,10,3142,21.149703823371,0.262861877789757
"317",704094006,1,10,2800,21.1912510406418,0.263410935996071
"318",704004009,1,10,2728,21.4482270618759,0.266806946669059
"319",704094010,1,10,2698,21.5151515151515,0.267691372213965
"320",704038021,1,10,4135,21.7231415812976,0.270440019660195
"321",704006002,1,10,3810,21.9596541786744,0.273565600409443
"322",704096006,1,10,2989,22.1243523316062,0.275742132999884
"323",704001001,1,10,3482,22.2009691405254,0.276754645761075
"324",704025010,1,10,4956,22.2521551724138,0.277431083623901
"325",704091011,1,10,3364,22.3047341201432,0.278125929262829
"326",704004012,1,10,2674,22.4253606172425,0.279720042478634
"327",704089006,1,10,3643,22.4973754091274,0.280671738285424
"328",704014001,1,10,4146,22.7464750096011,0.283963659834303
"329",704014005,1,10,4056,22.8739002932551,0.285647620933939
"330",704094008,1,10,2831,22.9045307443366,0.286052410992916
"331",704095002,1,10,3140,23.003663003663,0.287362471788057
"332",704094002,1,10,3368,23.0938014262205,0.288553676491054
"333",704020008,1,10,3701,23.2884470173672,0.291125972932604
"334",704010004,1,10,4509,23.3518048578383,0.291963264682332
"335",704014003,1,10,4617,23.4961832061069,0.293871265317231
"336",704038019,1,10,5018,23.6152289519507,0.295444488458899
"337",704084001,1,10,4718,23.8270794404323,0.298244152476212
"338",704091006,1,10,3663,24.2133791644632,0.303349212393792
"339",704004013,1,10,3033,24.2795389048991,0.304223532042619
"340",704091009,1,10,3687,24.599679743795,0.308454283614413
"341",704010003,1,10,5063,24.6855192588981,0.309588677041684
"342",704038024,1,10,4615,24.7905027932961,0.310976064088893
"343",704096007,1,10,3582,24.9026696329255,0.312458380542807
"344",704084004,1,10,3474,24.9443526962016,0.313009233992436
"345",704008006,1,10,4883,25.9761676774125,0.326644960282823
"346",704020009,1,10,3705,26.454837558015,0.332970717898484
"347",704094001,1,10,4183,26.4562646258934,0.332989577003402
"348",704004007,1,10,4323,26.9178082191781,0.339089005896871
"349",704096008,1,10,3145,27.3859282479972,0.345275344242662
"350",704084008,1,10,4082,28.0318637549787,0.353811564335246
"351",704020011,1,10,3414,28.0756578947368,0.354390316256607
"352",704094007,1,10,4212,28.8177339901478,0.364197061368786
"353",704014007,1,10,5541,29.6215118143911,0.374819212247815
"354",704004010,1,10,4142,29.9493853940709,0.379152154172263
"355",704002002,1,10,6240,31.0973786504535,0.394323209169811
"356",704014002,1,10,7224,31.6911603421803,0.402170201869149
"357",704091014,1,10,1984,32.1921142300828,0.408790448932752
"358",704022012,1,10,5145,32.2489657766077,0.409541758171052
"359",704004008,1,10,5427,33.2557141981739,0.422846222798658
"360",704089009,1,10,5684,33.6351263388366,0.427860261357447
"361",704091012,1,10,4697,33.6413121329322,0.427942008372864
"362",704014009,1,10,5706,34.5671533288908,0.440177261171422
"363",704038025,1,10,5748,35.0082221816189,0.446006110587775
"364",704011002,1,10,7279,35.0238175431843,0.446212207693922
"365",704089010,1,10,5925,35.0653962241818,0.446761681702267
"366",704094003,1,10,5094,35.6223776223776,0.454122348132718
"367",704014004,1,10,8113,36.3958548293033,0.464344067799081
"368",704012003,1,10,6390,38.5729808040565,0.493115402226293
"369",704014010,1,10,6696,39.3050011739845,0.502789258087169
"370",704011008,1,10,7793,40.502052907853,0.518608634715437
"371",704010008,1,10,8046,41.0029047546247,0.525227533276687
"372",704012005,1,10,6046,41.3401709401709,0.529684601139488
"373",704006007,1,10,6672,41.9121804133425,0.53724386782364
"374",704038027,1,10,7884,42.7456083279115,0.548257853017472
"375",704010005,1,10,8125,43.9854915547856,0.56464325991848
"376",704004006,1,10,6600,44.0705128205128,0.565766839949231
"377",704011003,1,10,11016,45.439920801881,0.583863953049773
"378",704014011,1,10,6919,45.8454810495627,0.589223546225247
"379",704002009,1,10,8463,46.3980263157895,0.596525587919268
"380",704010007,1,10,8528,46.6673963007552,0.600085388322173
"381",704004011,1,10,6423,47.4337198138985,0.610212569905491
"382",704012004,1,10,7477,50.3027448869752,0.648127546261834
"383",704002011,1,10,7573,52.0552653285675,0.671287598688885
"384",704012006,1,10,8450,52.5464834276475,0.677779184554481
"385",704010009,1,10,9485,52.7618623797074,0.680625478214176
"386",704002006,1,10,9830,53.201277263625,0.686432469965732
"387",704012002,1,10,8129,53.5930907172996,0.69161039537725
"388",704012001,1,10,9064,54.0617917213408,0.697804411474628
"389",704015007,1,10,11794,54.8736798027265,0.708533741691572
"390",704010006,1,10,11015,57.2088916588761,0.739394225674034
"391",704002007,1,10,10399,57.8332684500306,0.747645541250264
"392",704011004,1,10,13144,58.5478841870824,0.757089389973808
"393",704011007,1,10,11591,59.5264995891537,0.770022068805957
"394",704015009,1,10,8329,65.2845273553849,0.846116031408279
"395",704002003,1,10,13585,65.583663222941,0.850069196353457
"396",704004003,1,10,13863,65.7762383754033,0.852614131363244
"397",704002005,1,10,12275,66.2153414607833,0.858417002609093
"398",704004004,1,10,13113,70.0069403662378,0.908524052631796
"399",704011005,1,10,13533,73.1078818000108,0.949503869171993
"400",704002004,1,10,15185,76.9289224378135,1
