"","GEOLEV2","TOILET","cnt","freq","norm"
"1",704012002,10,14667,83.1698327190247,1
"2",704012001,10,16855,82.1754180683536,0.988040916394775
"3",704004003,10,19343,79.9066385756186,0.960755996952845
"4",704012005,10,12500,76.3265555352018,0.917701007401859
"5",704011005,10,16895,73.8999212667308,0.888517686262772
"6",704012006,10,13222,72.5367566381391,0.872123921599298
"7",704011007,10,15346,72.2913133597136,0.869172158283008
"8",704015009,10,11663,68.8936145076496,0.828310567386508
"9",704015007,10,17080,68.5393258426966,0.824049801757505
"10",704011004,10,18003,67.9743250896734,0.817254958944339
"11",704002004,10,15731,66.8351956494031,0.803555498458543
"12",704004004,10,15821,65.4788510884861,0.787243753664204
"13",704002003,10,15758,65.1749524360989,0.783588991147421
"14",704010005,10,13635,64.0652163698727,0.770243022856652
"15",704012004,10,11293,63.85276489879,0.767688027409817
"16",704012003,10,11215,63.1439671189685,0.759163844965037
"17",704002009,10,12755,60.5248173104299,0.727665282957948
"18",704004006,10,11790,59.6720315821439,0.717409464809018
"19",704010007,10,12306,58.8353413654618,0.707347215377936
"20",704006007,10,10878,58.5405230868583,0.70380165574666
"21",704010006,10,12917,57.7554214173933,0.694359823310466
"22",704002007,10,11258,54.3549633062959,0.653465048862771
"23",704004011,10,8114,53.7528983106989,0.646224462037884
"24",704014010,10,10654,49.6782616804999,0.59722184518326
"25",704089003,10,11689,49.158886365548,0.590975705497156
"26",704020011,10,6756,48.0614640392687,0.577777825376065
"27",704004010,10,7404,46.5221489161169,0.559265630045741
"28",704002011,10,7824,46.2684801892371,0.55621494539348
"29",704038027,10,9101,45.706106870229,0.549451700770297
"30",704010008,10,9464,45.3061419886064,0.544641621337889
"31",704011003,10,13163,44.5086900655982,0.535051261610217
"32",704089006,10,9630,43.440996030314,0.522210901480621
"33",704010009,10,7762,41.3598337507327,0.497182314380908
"34",704004008,10,7326,40.8566170319558,0.491130502083756
"35",704094003,10,7906,37.9475856772583,0.45614575084586
"36",704089009,10,7852,37.8939240384151,0.455500402323606
"37",704091014,10,4251,37.722956784098,0.453444306622728
"38",704010003,10,8518,36.1161755352979,0.434120746499453
"39",704011002,10,8303,35.600051451357,0.427913706944724
"40",704089010,10,7514,34.9764930410092,0.420414634845315
"41",704004005,10,6555,33.9637305699482,0.40823489568371
"42",704020010,10,5675,33.3980696798493,0.401432113894109
"43",704010004,10,6768,31.9848771266541,0.384436700680378
"44",704020003,10,6772,31.2664481277991,0.375796690744959
"45",704014005,10,6403,29.767549976755,0.357770560204791
"46",704006002,10,5788,29.6896640164145,0.356833883828636
"47",704002005,10,6238,29.452313503305,0.35397944616714
"48",704084004,10,6129,26.3737682344335,0.316956077466713
"49",704004007,10,4319,25.7527875499374,0.309488005754267
"50",704089001,10,5602,25.3197740112994,0.304280474763778
"51",704020004,10,5833,24.6170078075543,0.295828829587551
"52",704091003,10,5159,23.9163691993881,0.287402771417095
"53",704006008,10,3672,23.8860339556365,0.287037952057319
"54",704011008,10,4786,23.6860338513313,0.284632699915443
"55",704084001,10,5808,23.5484917288356,0.282978583354452
"56",704004013,10,2966,22.0291146761735,0.264706168332829
"57",704091010,10,4595,21.4679499159036,0.257957458144533
"58",704025010,10,5166,21.4170225115045,0.257344992221395
"59",704020009,10,3866,21.3414297543472,0.256435894490199
"60",704002002,10,4690,20.1789863178728,0.2424560539541
"61",704020007,10,3704,19.2766068175904,0.231603808484632
"62",704094007,10,3482,19.0794520547945,0.229232775143709
"63",704004012,10,2298,17.9013788268287,0.215064966758331
"64",704014004,10,4632,17.5634171311569,0.211000553416095
"65",704008006,10,3814,17.5154994259472,0.210424282901188
"66",704024002,10,4506,17.0720618322346,0.205091389572103
"67",704015002,10,3652,16.6408457122027,0.199905474795101
"68",704014011,10,3081,16.5547256998549,0.198869773614457
"69",704010001,10,3094,15.859346968066,0.190506972055624
"70",704017004,10,3505,15.8167870036101,0.189995135094232
"71",704019008,10,3117,15.4452207521927,0.185526584814343
"72",704089007,10,3287,14.9613108784706,0.179706961548204
"73",704022012,10,2554,14.9103858952653,0.179094524742958
"74",704020008,10,2764,14.4628747841557,0.173712642257201
"75",704024010,10,2950,13.7005387330485,0.164544594939801
"76",704020001,10,3056,13.6954378417137,0.164483250322752
"77",704011001,10,2862,13.521685722385,0.162393663126671
"78",704015004,10,3017,13.4435433562071,0.161453903148678
"79",704091013,10,2266,13.114943859243,0.157502081990193
"80",704002006,10,2838,13.0237253912166,0.15640506548432
"81",704091009,10,2536,12.9692134601616,0.155749491131581
"82",704014003,10,2796,12.2112067083024,0.146633509068473
"83",704022009,10,2234,12.0282129973618,0.144432780140261
"84",704095005,10,2501,11.9579249342577,0.143587478009462
"85",704089008,10,2430,11.8225162985307,0.141959019303191
"86",704020005,10,2654,11.8002756658219,0.141691547795386
"87",704091004,10,2664,11.7212249208025,0.14074086342232
"88",704014001,10,2413,11.5870348139256,0.139127059054039
"89",704004001,10,2207,11.1251134186914,0.133571874824885
"90",704089002,10,2482,10.4730157390607,0.125729582211624
"91",704084003,10,2327,9.87565250604762,0.118545539979875
"92",704017008,10,1897,9.74219391947412,0.11694053306089
"93",704091002,10,2313,9.71603797362009,0.116625975000999
"94",704022002,10,3448,9.63128491620112,0.115606713168133
"95",704004009,10,1416,9.43433939636218,0.113238196236249
"96",704020006,10,1857,9.41444866920152,0.11299898529047
"97",704095002,10,2094,9.3586592178771,0.112328047153921
"98",704017005,10,1873,9.3077572926502,0.11171588764979
"99",704002008,10,1849,9.02039223338862,0.108259962330699
"100",704022007,10,1674,8.98985016916385,0.107892655695289
"101",704082006,10,1973,8.76421464108031,0.105179105424445
"102",704015001,10,2044,8.75899897154611,0.105116380455565
"103",704014007,10,2002,8.7427398576357,0.104920844214752
"104",704008004,10,2013,8.64282340818342,0.10371922357116
"105",704089011,10,1796,8.54668316360522,0.102563016528191
"106",704019005,10,1889,8.25215150058975,0.0990209038089037
"107",704014009,10,1699,7.83310281235592,0.0939813176625552
"108",704094008,10,1499,7.81421049887922,0.0937541138937737
"109",704084008,10,1638,7.77261080003796,0.0932538253309905
"110",704015003,10,1600,7.75419211010953,0.0930323174795081
"111",704094006,10,1396,7.61260769985822,0.09132958733746
"112",704015008,10,987,7.57599017500768,0.0908892156667405
"113",704025003,10,1770,7.25320657296234,0.0870073379403307
"114",704038023,10,1383,7.12996855183791,0.0855252461419296
"115",704002001,10,1464,7.01015131200919,0.0840842935297654
"116",704001021,10,1600,6.94927032661571,0.0833521233090252
"117",704091006,10,1472,6.89138576779026,0.0826559888765951
"118",704038019,10,1651,6.75863762895038,0.0810595259828187
"119",704038011,10,1629,6.71392655483658,0.0805218192293578
"120",704001017,10,1415,6.68714555765595,0.0801997441431769
"121",704091011,10,1307,6.66972851602368,0.0799902823689608
"122",704022008,10,1203,6.61971055962142,0.0793887536988296
"123",704038009,10,1515,6.56099779134728,0.0786826590088422
"124",704038003,10,1449,6.51148159798679,0.0780871646687186
"125",704006006,10,934,6.31209028857201,0.075689234049095
"126",704010002,10,1171,6.24400127972699,0.0748703783043361
"127",704025009,10,1353,6.05017215937039,0.0725393399855549
"128",704001024,10,1405,6.00940975192472,0.0720491209021333
"129",704017002,10,1459,5.71148952828342,0.0684662564905832
"130",704095007,10,1177,5.67338282078473,0.0680079755304333
"131",704006005,10,910,5.65850018654396,0.0678289931843554
"132",704089005,10,1242,5.58026688232915,0.0668881395623915
"133",704017011,10,901,5.56310200049395,0.0666817103260538
"134",704038001,10,1319,5.47598289533773,0.0656339938010887
"135",704022011,10,875,5.45205308741978,0.0653462078424298
"136",704017001,10,1354,5.3500869290343,0.0641199368776843
"137",704015006,10,1004,5.25324403516116,0.0629552795955141
"138",704008003,10,1292,5.24457073269738,0.0628509722532725
"139",704094009,10,968,5.20206362854686,0.0623397710033623
"140",704091005,10,1194,5.18859725360681,0.0621778209519842
"141",704022010,10,821,5.0238648880186,0.0601967076093496
"142",704014008,10,979,5.02360426929392,0.0601935733422555
"143",704012007,10,438,5.02178399449668,0.0601716822543978
"144",704094001,10,1087,4.81207667448758,0.0576496886665883
"145",704094002,10,956,4.77641768673495,0.0572208446068959
"146",704091007,10,1041,4.58226956598292,0.0548859699081936
"147",704008002,10,1099,4.54639473793075,0.0544545300981411
"148",704017010,10,824,4.43201376936317,0.0530789554673539
"149",704006001,10,759,4.34683007846057,0.0520545147266445
"150",704096003,10,924,4.29967426710098,0.0514874069410332
"151",704095006,10,881,4.28085519922255,0.0512610840424529
"152",704083002,10,1060,4.23779634590013,0.0507432473166159
"153",704084007,10,892,4.18425743503143,0.0500993747522089
"154",704082008,10,1012,4.17336797393707,0.0499684153224023
"155",704024009,10,842,4.16542990006926,0.0498729500263253
"156",704094010,10,681,4.1014213442544,0.0491031668479268
"157",704014002,10,1076,4.0976427129746,0.0490577240667309
"158",704084002,10,901,4.08172510646009,0.0488662948807534
"159",704095001,10,886,4.00072247809988,0.0478921366619974
"160",704038021,10,835,3.93533792063342,0.0471058053376305
"161",704087010,10,707,3.65923088867036,0.0437852719192941
"162",704019002,10,790,3.57903320799166,0.0428207942061647
"163",704008001,10,893,3.57672127207914,0.0427929902766378
"164",704017009,10,600,3.53690167413346,0.042314109660149
"165",704026009,10,575,3.44146516638736,0.0411663659353799
"166",704001027,10,741,3.15870241698282,0.037765789165629
"167",704006004,10,551,3.14713273931917,0.0376266492782875
"168",704037002,10,747,3.12173513310209,0.0373212112038207
"169",704019003,10,705,3.11450786358014,0.0372342942216621
"170",704094004,10,591,3.04969296661334,0.0364548137794072
"171",704083005,10,662,3.00676749784258,0.0359385811701263
"172",704038016,10,664,2.96985419089364,0.0354946523486335
"173",704082004,10,635,2.85098549813676,0.034065107204901
"174",704001023,10,588,2.81285878300804,0.0336065856279016
"175",704038017,10,641,2.80881644099733,0.0335579713943579
"176",704087008,10,607,2.76348736626451,0.0330128324082103
"177",704091008,10,632,2.76199632899222,0.0329949008145981
"178",704026003,10,510,2.73928456332581,0.0327217633419718
"179",704091001,10,696,2.68705119295807,0.0320935915398077
"180",704002010,10,378,2.66704296902561,0.031852967547956
"181",704001008,10,645,2.66187941067228,0.0317908692813965
"182",704006003,10,393,2.64272745612266,0.0315605430030097
"183",704096009,10,446,2.52091340718969,0.0300955762564949
"184",704019004,10,550,2.45941957697983,0.0293560358080624
"185",704038018,10,542,2.45215581595259,0.0292686799697765
"186",704024004,10,550,2.43859182406668,0.0291055559521701
"187",704038014,10,480,2.4174053182917,0.0288507616430812
"188",704096006,10,502,2.41160645657187,0.0287810230565914
"189",704011006,10,365,2.39124737945493,0.0285361796150729
"190",704095003,10,528,2.37026396121386,0.02828382768834
"191",704096002,10,573,2.33410729561286,0.0278489984282152
"192",704017006,10,431,2.25595393875949,0.0269091062735615
"193",704038010,10,481,2.2167941745783,0.026438160985811
"194",704025011,10,432,2.05030849549122,0.0244359618489304
"195",704004002,10,327,2.04630788485607,0.0243878494875273
"196",704096005,10,410,2.00626345664514,0.0239062650050633
"197",704017007,10,382,1.99280087641505,0.0237443605898327
"198",704038024,10,386,1.94213836477987,0.0231350803344716
"199",704019006,10,396,1.90935390549663,0.0227408060855395
"200",704024003,10,447,1.87823017773856,0.0223665042164814
"201",704001010,10,424,1.84379892155157,0.0219524251689782
"202",704024006,10,415,1.81396975260075,0.0215936919935202
"203",704025012,10,368,1.80702185121532,0.0215101347636532
"204",704034002,10,429,1.80502377245761,0.021486105360127
"205",704031014,10,239,1.759941089838,0.0209439295482241
"206",704094005,10,310,1.75091781982491,0.0208354134071896
"207",704038026,10,319,1.74307414895361,0.0207410834255683
"208",704031013,10,274,1.7073778664008,0.0203117908491197
"209",704038002,10,413,1.69630755329199,0.0201786564469718
"210",704025005,10,357,1.69202331864069,0.0201271331509859
"211",704037004,10,347,1.65301067073171,0.0196579571209567
"212",704027005,10,381,1.61790309567285,0.0192357444906196
"213",704038008,10,368,1.57177636355871,0.0186810126738502
"214",704092004,10,300,1.56494522691706,0.0185988596865013
"215",704037001,10,377,1.56243524389738,0.0185686739920732
"216",704091012,10,265,1.45981380488074,0.0173345224557294
"217",704025002,10,333,1.45022210608832,0.0172191702455651
"218",704025006,10,299,1.44976726144298,0.0172137001681308
"219",704001019,10,305,1.44556614057538,0.0171631764196549
"220",704083006,10,345,1.44448166136326,0.0171501341967178
"221",704038025,10,265,1.41893339044763,0.0168428841902515
"222",704084006,10,320,1.41430213029258,0.0167871874772612
"223",704038004,10,320,1.38270751415115,0.0164072225846931
"224",704087005,10,306,1.37831629205892,0.0163544126305209
"225",704026008,10,242,1.34012625982944,0.0158951295859576
"226",704082009,10,242,1.32740935768746,0.0157421928851429
"227",704096001,10,294,1.31720430107527,0.0156194642777769
"228",704034003,10,267,1.28730533725471,0.015259891731457
"229",704001029,10,236,1.17535733851287,0.0139135766148327
"230",704026001,10,238,1.16844224065983,0.0138304138885926
"231",704087004,10,252,1.1671529804085,0.0138149089167742
"232",704001015,10,268,1.16613001479419,0.0138026064720157
"233",704024005,10,262,1.16428920588366,0.0137804684356871
"234",704087003,10,261,1.15267411562072,0.0136407824048719
"235",704027003,10,250,1.11592197473553,0.0131987918074683
"236",704086005,10,227,1.10247693054881,0.0130370982851571
"237",704038012,10,233,1.05506248867959,0.0124668801432317
"238",704001004,10,233,1.04465566714491,0.0123417250595712
"239",704038013,10,244,1.02555480833894,0.0121120132715983
"240",704001022,10,234,1.01184813629681,0.01194717334613
"241",704096007,10,178,0.943496236616135,0.0111251560092922
"242",704024007,10,202,0.942383951481222,0.0111117793852528
"243",704082005,10,216,0.941299516276638,0.0110987376915617
"244",704001006,10,223,0.935128108357445,0.0110245187696886
"245",704022005,10,192,0.926998841251448,0.0109267541350825
"246",704035002,10,199,0.909298606351382,0.010713886606573
"247",704082007,10,190,0.890179910044978,0.0104839603002813
"248",704030003,10,203,0.885341707008592,0.010425774839546
"249",704083001,10,212,0.882487616034633,0.0103914508153058
"250",704084005,10,185,0.869974135904068,0.0102409605193585
"251",704082003,10,209,0.866968100551707,0.0102048091733633
"252",704092007,10,159,0.852729808001716,0.0100335758444033
"253",704019009,10,144,0.833864149632289,0.00980669263672398
"254",704096004,10,192,0.832971800433839,0.00979596101821643
"255",704031003,10,164,0.816570404301932,0.00959871365520592
"256",704033003,10,165,0.812687780131015,0.00955202022904177
"257",704082010,10,127,0.812384059361607,0.00954836760579096
"258",704001025,10,180,0.812311024865743,0.00954748927436099
"259",704096008,10,144,0.807310646409149,0.00948735345075882
"260",704092002,10,153,0.783570623783673,0.00920184989831579
"261",704036010,10,147,0.781790139871297,0.0091804373457639
"262",704008005,10,128,0.780107264748903,0.00916019866135566
"263",704033002,10,163,0.775636450154651,0.00910643150750286
"264",704001020,10,161,0.765900765900766,0.00898934769154368
"265",704025001,10,172,0.755180892167194,0.0088604277624872
"266",704036009,10,158,0.738007380073801,0.00865389473646871
"267",704082002,10,189,0.736813379595337,0.00863953538291636
"268",704035003,10,147,0.735883059671606,0.00862834711880541
"269",704092009,10,126,0.73196235622168,0.0085811957415431
"270",704038005,10,158,0.71008044582266,0.00831803831950863
"271",704038015,10,146,0.705723124516628,0.00826563606481689
"272",704087002,10,160,0.694987403353314,0.00813652555053816
"273",704036004,10,150,0.691276095672612,0.00809189242007465
"274",704083004,10,163,0.686952124072825,0.00803989123743563
"275",704027006,10,141,0.665785248843139,0.00778533301027924
"276",704033009,10,123,0.661290322580645,0.00773127588336925
"277",704024008,10,132,0.646108663729809,0.00754869739124766
"278",704035006,10,129,0.642526273845694,0.00750561465900741
"279",704086004,10,137,0.640486208508649,0.00748108031419523
"280",704037007,10,114,0.639515314708852,0.00746940409832721
"281",704086008,10,134,0.631182289213377,0.00736918901348549
"282",704019007,10,127,0.629335976214073,0.00734698478358483
"283",704092003,10,114,0.625823451910408,0.00730474227259149
"284",704022003,10,124,0.619752099160336,0.00723172663964005
"285",704033007,10,115,0.612223168654174,0.00714118180573163
"286",704031007,10,119,0.594583791346058,0.00692904616610735
"287",704037008,10,107,0.58717005981452,0.00683988674437869
"288",704038006,10,129,0.58394821420488,0.00680114000931921
"289",704083007,10,124,0.568885626462357,0.00661999349664234
"290",704027004,10,131,0.564533505709976,0.00656765378513203
"291",704034008,10,130,0.560393137339426,0.00651786066164332
"292",704019001,10,123,0.559167159158067,0.00650311673609963
"293",704026004,10,108,0.553732567678425,0.00643775895620226
"294",704033010,10,95,0.553580793660043,0.00643593368324022
"295",704031001,10,139,0.553277872865502,0.00643229068069069
"296",704001007,10,132,0.553134428427757,0.00643056558138475
"297",704037003,10,119,0.540810761679695,0.00628235802947112
"298",704086006,10,111,0.535481692315114,0.00621826928537825
"299",704092006,10,89,0.527188721715437,0.00611853591090486
"300",704001016,10,128,0.5249343832021,0.00609142466235549
"301",704022004,10,102,0.524232923883435,0.00608298873411177
"302",704036006,10,114,0.523776705720193,0.00607750213840166
"303",704033008,10,99,0.510888636598204,0.00592250693993414
"304",704025008,10,104,0.504829862628028,0.00584964258259025
"305",704036007,10,99,0.469862363550071,0.00542911454164005
"306",704022001,10,95,0.460851848258465,0.00532075179213133
"307",704001028,10,97,0.452151214282385,0.00521611575416851
"308",704027001,10,92,0.451378667451673,0.00520682490941758
"309",704033001,10,91,0.449826989619377,0.00518816403700156
"310",704087009,10,85,0.447863427999368,0.00516454974535586
"311",704086002,10,103,0.446835278295952,0.00515218495542287
"312",704026007,10,72,0.437530384054448,0.00504028192976167
"313",704087011,10,83,0.432404271945819,0.00497863400126879
"314",704034005,10,103,0.430926282319471,0.00496085932196652
"315",704001026,10,97,0.427689594356261,0.00492193408898657
"316",704089004,10,89,0.425898454323587,0.00490039338322066
"317",704031012,10,68,0.42264901485487,0.00486131479739102
"318",704036002,10,106,0.421454415331398,0.00484694823957098
"319",704017003,10,82,0.418709150326797,0.00481393298412763
"320",704035004,10,86,0.414717654434103,0.00476593023893635
"321",704038007,10,97,0.410599390450389,0.00471640294842793
"322",704022006,10,104,0.406742539794282,0.00467001948111062
"323",704025007,10,86,0.404021422531241,0.00463729463255136
"324",704030006,10,89,0.40236900402369,0.00461742222714252
"325",704035001,10,87,0.394218134034166,0.00451939779076253
"326",704038020,10,73,0.385814703239787,0.00441833599388244
"327",704093004,10,155,0.376670716889429,0.00430836808746116
"328",704030004,10,86,0.372552417258707,0.00425884036825275
"329",704093003,10,75,0.370297225239459,0.00423171885522413
"330",704031005,10,85,0.369902954871839,0.00422697725946602
"331",704031011,10,80,0.369480879364493,0.00422190127202288
"332",704034006,10,79,0.36821253786996,0.00420664787449615
"333",704024001,10,91,0.366565961732125,0.00418684573091203
"334",704033005,10,72,0.365686423891513,0.00417626818505354
"335",704036005,10,76,0.350682908822444,0.00399583209537791
"336",704036003,10,86,0.347054075867635,0.00395219082695265
"337",704025004,10,69,0.339316449471355,0.00385913616316962
"338",704030002,10,73,0.33882571362265,0.00385323444899156
"339",704033006,10,72,0.324821799151854,0.00368481981044652
"340",704001005,10,75,0.314610512185914,0.00356201627526107
"341",704033004,10,65,0.312259800153728,0.003533746014253
"342",704092008,10,56,0.307034376884698,0.00347090374447666
"343",704030010,10,65,0.306271497903218,0.00346172916774046
"344",704037005,10,68,0.303992131968349,0.00343431693305184
"345",704030005,10,63,0.29322783337212,0.0033048627392937
"346",704093006,10,53,0.28668794287878,0.00322621235222822
"347",704025013,10,53,0.284992203043502,0.00320581895350957
"348",704083008,10,63,0.278022947925861,0.00312200491822583
"349",704035005,10,53,0.263825974413858,0.00295126850252981
"350",704030009,10,53,0.261122333349756,0.00291875382718558
"351",704031010,10,56,0.254118074148024,0.00283451882388022
"352",704031009,10,50,0.253215841183024,0.00282366834068135
"353",704083003,10,57,0.251057082452431,0.00279770655891833
"354",704037006,10,48,0.248756218905473,0.00277003578847692
"355",704031006,10,50,0.247096614776378,0.00275007696695511
"356",704026005,10,45,0.245606374849907,0.00273215496242664
"357",704030012,10,50,0.241103288648857,0.00267799970201938
"358",704030008,10,59,0.240894986117916,0.00267549460278233
"359",704031008,10,49,0.240845416564266,0.00267489846671779
"360",704036001,10,53,0.240548268506331,0.00267132488856749
"361",704092005,10,43,0.228796424390763,0.00252999422112529
"362",704001009,10,54,0.225771385567355,0.00249361433455205
"363",704038022,10,37,0.22265013840414,0.00245607742200529
"364",704036008,10,45,0.203878216745198,0.00223032151585636
"365",704030007,10,41,0.195247392732987,0.00212652503028131
"366",704015005,10,31,0.193471884166511,0.00210517231250512
"367",704001018,10,47,0.191227927414761,0.00207818591766212
"368",704027002,10,40,0.189987650802698,0.00206327003555272
"369",704001002,10,43,0.18859649122807,0.00204653959654525
"370",704093005,10,38,0.18159227754946,0.00196230514071254
"371",704034004,10,40,0.178118181413368,0.00192052477663999
"372",704026002,10,36,0.174944115074351,0.00188235264724587
"373",704092001,10,32,0.173178915467042,0.00186112390763561
"374",704001001,10,33,0.168393121396132,0.00180356873045397
"375",704020002,10,34,0.168225223887982,0.00180154955230155
"376",704086003,10,37,0.163673361054587,0.00174680769170311
"377",704014006,10,27,0.162591834276767,0.00173380097549222
"378",704030011,10,35,0.162202243025304,0.00172911565197554
"379",704086001,10,35,0.159795461808885,0.00170017108869179
"380",704034001,10,38,0.158769950697752,0.00168783803114095
"381",704001011,10,36,0.148852594583419,0.00156856938316392
"382",704082001,10,35,0.144939539506377,0.00152150998717995
"383",704087007,10,28,0.13268255698242,0.00137410439671237
"384",704087001,10,27,0.123751031258594,0.00126669159584367
"385",704095004,10,24,0.119094878920206,0.00121069552312305
"386",704034007,10,28,0.11839824094042,0.0012023175775274
"387",704093002,10,26,0.117471648669408,0.00119117414311649
"388",704030001,10,25,0.113234894465078,0.00114022185906661
"389",704031004,10,23,0.106274835967101,0.00105651842467091
"390",704001003,10,26,0.103705476446891,0.00102561865333977
"391",704001013,10,23,0.094732072984884,0.000917702220136453
"392",704087006,10,20,0.0930059523809524,0.000896943454563974
"393",704093001,10,21,0.0927397986221516,0.000893742621741171
"394",704026006,10,10,0.0610426077402027,0.000512544139244791
"395",704027008,10,9,0.0520471894517696,0.000404362950137473
"396",704086007,10,9,0.0434803613701145,0.000301336095906234
"397",704027007,10,8,0.0430570505920344,0.00029624525278296
"398",704001014,10,8,0.0325534079348932,0.000169925773668907
"399",704031002,10,6,0.0264119381960646,9.60668959703115e-05
"400",704001012,10,4,0.0184238404495417,0
