"","GEOLEV2","WATSUP","cnt","freq","norm"
"1",704002003,20,24199,100,1
"2",704002004,20,23634,100,1
"3",704011004,20,26540,100,1
"4",704011005,20,23003,100,1
"5",704012001,20,20664,100,1
"6",704012004,20,17740,100,1
"7",704014007,20,23337,100,1
"8",704015007,20,25298,100,1
"9",704025010,20,24332,100,1
"10",704038025,20,19089,100,1
"11",704038026,20,18640,100,1
"12",704006007,20,18728,99.9946606866357,0.999946576373419
"13",704033010,20,17357,99.9884785989976,0.999884720190999
"14",704038013,20,23990,99.987496353103,0.999874892122424
"15",704014011,20,18685,99.9839469178082,0.999839377498572
"16",704026008,20,18063,99.983394221189,0.999833847375917
"17",704015009,20,17212,99.9825733372059,0.999825633848
"18",704038016,20,22493,99.9822198515358,0.999822096972534
"19",704026002,20,20572,99.9708426474876,0.999708259956587
"20",704011003,20,29774,99.9697814189303,0.999697641610313
"21",704022011,20,16103,99.9689595232183,0.999689417959329
"22",704038020,20,18931,99.9683159951418,0.99968297900336
"23",704001023,20,20900,99.9617371341113,0.999617152821034
"24",704001022,20,23170,99.9611717502912,0.999611495753913
"25",704004004,20,24513,99.9592219548995,0.999591986664671
"26",704036001,20,22079,99.9547285979447,0.999547027433461
"27",704022012,20,17315,99.9538186226404,0.99953792248353
"28",704036006,20,21843,99.9450926561428,0.999450612984364
"29",704033005,20,19809,99.9445005045409,0.999444688086554
"30",704038017,20,22960,99.9390615478367,0.999390267457509
"31",704002005,20,21174,99.9386416198612,0.999386065779537
"32",704038012,20,22438,99.9198432490203,0.999197974713213
"33",704026003,20,18598,99.91941116424,0.999193651397765
"34",704002011,20,16899,99.9172234375924,0.999171761637132
"35",704038006,20,22105,99.914120412222,0.999140713661982
"36",704033006,20,22280,99.9013541386423,0.999012978017711
"37",704017011,20,16185,99.9012406641565,0.999011842624799
"38",704017010,20,18771,99.8935660688628,0.998935052842076
"39",704038018,20,22177,99.8873975317539,0.998873332242335
"40",704024006,20,23013,99.8871478796823,0.99887083429585
"41",704038004,20,23210,99.8838059990532,0.998837396404005
"42",704004006,20,19806,99.8789712556732,0.998789021358878
"43",704002007,20,20734,99.8459019551189,0.998458139493823
"44",704017007,20,19271,99.8187092095721,0.99818605673998
"45",704025009,20,22407,99.7507011530072,0.997505587778804
"46",704004013,20,13504,99.7414875544723,0.997413399174388
"47",704030007,20,21061,99.739534002652,0.997393852499408
"48",704006006,20,14813,99.7306941358648,0.99730540334686
"49",704033008,20,19484,99.7185116945596,0.997183509359614
"50",704082006,20,22768,99.7153243113038,0.99715161732384
"51",704025011,20,21168,99.693872745255,0.99693697915298
"52",704031006,20,20623,99.6713546952781,0.996711670052126
"53",704019004,20,22329,99.6696870954783,0.996694984530428
"54",704008006,20,21787,99.6660567246112,0.996658660088628
"55",704011001,20,21114,99.6413402548372,0.996411354234579
"56",704012002,20,17590,99.5923451477749,0.995921123351808
"57",704002006,20,21718,99.5644798973089,0.995642311708083
"58",704038002,20,24333,99.533685114738,0.995334188012684
"59",704082009,20,18276,99.4991289198606,0.994988428712712
"60",704004003,20,24140,99.4807549657958,0.994804584238002
"61",704024007,20,21409,99.4564712440769,0.994561608335938
"62",704091007,20,22591,99.3797290163646,0.993793747782243
"63",704001017,20,21074,99.3775346600019,0.993771791686598
"64",704026001,20,20241,99.3715940890569,0.993712352050415
"65",704004008,20,18004,99.3269336864173,0.993265492967465
"66",704038027,20,20119,99.3138513179978,0.993134594569573
"67",704091012,20,18039,99.3118255890773,0.993114325711385
"68",704001024,20,23219,99.3071297207134,0.993067340209537
"69",704001018,20,24408,99.2800488102502,0.992796376445221
"70",704082010,20,15739,99.2308177290209,0.992303784473127
"71",704019002,20,21971,99.2277120404661,0.992272709850923
"72",704030009,20,20296,99.2178333985139,0.992173867014257
"73",704001008,20,24049,99.1915858939988,0.991911242069022
"74",704027005,20,23391,99.1816485753053,0.991811812129839
"75",704033003,20,20356,99.1717821299815,0.991713091329112
"76",704020005,20,22481,99.1269456325235,0.991264470292297
"77",704001027,20,23357,99.0206884856707,0.990201291986836
"78",704017005,20,19973,98.998760842627,0.989981890327142
"79",704035005,20,20164,98.9789907716474,0.98978407671003
"80",704015003,20,20500,98.9764387794515,0.989758542213587
"81",704012006,20,18097,98.9339602011809,0.989333513834774
"82",704096007,20,18746,98.9339244247414,0.989333155866059
"83",704038021,20,21083,98.8651817116061,0.98864533614354
"84",704017009,20,16939,98.74089186826,0.987401727888015
"85",704038007,20,23467,98.7335913833726,0.98732868134591
"86",704092005,20,18590,98.6154580658851,0.986146673509027
"87",704006008,20,15344,98.6118251928021,0.986110324030778
"88",704038011,20,24007,98.5751827215242,0.98574369005203
"89",704001007,20,23522,98.5503603150662,0.985495324226134
"90",704025002,20,22729,98.5304317669499,0.985295924932588
"91",704096006,20,20543,98.4473091484162,0.984464224032125
"92",704011008,20,19925,98.4388123116447,0.984379207138786
"93",704015001,20,23127,98.4169539129325,0.984160498317862
"94",704024002,20,26356,98.4057051114513,0.984047946060895
"95",704038015,20,20483,98.4049963968292,0.984040854867189
"96",704038003,20,22036,98.37939193714,0.983784664042658
"97",704001025,20,21770,98.2223425374481,0.982213273133119
"98",704092004,20,18899,98.2174410144476,0.982164229910406
"99",704019008,20,19867,98.1959272439699,0.981948969340008
"100",704001020,20,20641,98.159596728172,0.981585456697643
"101",704034003,20,20467,98.0455089820359,0.980443927678623
"102",704026005,20,17972,98.0201799836379,0.980190493040169
"103",704038024,20,19754,98.0055566580671,0.980044176270323
"104",704027002,20,20701,97.9789852328663,0.979778310268314
"105",704024003,20,23553,97.9742096505824,0.979730527172018
"106",704002008,20,20069,97.9071128890623,0.979059176365718
"107",704024009,20,19848,97.8215869886644,0.978203428921416
"108",704001006,20,23331,97.8115960256572,0.978103462232732
"109",704012005,20,16060,97.6945069651439,0.976931902929366
"110",704091003,20,21373,97.6917451320962,0.976904268825999
"111",704004010,20,15628,97.6688956940191,0.976675643951579
"112",704033001,20,19939,97.5155279503106,0.975141090627893
"113",704024010,20,21071,97.3031632417456,0.973016230722663
"114",704026009,20,16257,97.3006942781901,0.972991526986802
"115",704083006,20,23435,97.2729536775693,0.972713962553406
"116",704038019,20,23912,97.234873129473,0.972332939593585
"117",704020011,20,13757,97.1882726951607,0.971866669114344
"118",704024001,20,24155,97.1758458381945,0.971742329574624
"119",704027008,20,16910,97.111353586401,0.971097038740003
"120",704084005,20,20725,97.1089869740418,0.971073359100635
"121",704096005,20,19888,97.0667187271219,0.970650435236536
"122",704025004,20,19804,97.0546434697378,0.970529613700632
"123",704095002,20,21845,97.0457574411373,0.970440702666319
"124",704091014,20,10928,97.0084332001775,0.970067247097151
"125",704033002,20,20513,96.9790090771558,0.969772837825111
"126",704019006,20,20143,96.9392174791857,0.969374694594708
"127",704017001,20,24533,96.8611813013266,0.968593887149767
"128",704033004,20,20486,96.8559406174649,0.968541450381488
"129",704033007,20,18524,96.7411740129517,0.967393128901722
"130",704017006,20,18640,96.6905280630771,0.966886380162827
"131",704008004,20,22533,96.6252144082333,0.966232870606652
"132",704038001,20,23403,96.6147875985633,0.96612854296221
"133",704031003,20,19829,96.6137205223153,0.966117866105634
"134",704034001,20,23151,96.607411116675,0.966054736016074
"135",704034004,20,21907,96.59596983994,0.965940257907338
"136",704002009,20,20336,96.4980544747082,0.964960545058188
"137",704094010,20,16138,96.4441522739497,0.964421215213934
"138",704025003,20,23581,96.4182033773562,0.964161578053272
"139",704037001,20,23311,96.4140954586814,0.96412047540611
"140",704095005,20,20243,96.4044194685208,0.964023660244709
"141",704027004,20,22377,96.3114401308427,0.963093335860859
"142",704001021,20,22171,96.2742628859264,0.962721351091623
"143",704025006,20,19891,96.1893708593259,0.961871946005362
"144",704091011,20,18849,96.0018335540389,0.959995501922765
"145",704022009,20,17923,95.9578113288361,0.959555028258828
"146",704038009,20,22320,95.9339809163586,0.959316588038037
"147",704001015,20,22046,95.9272474110173,0.959249214529425
"148",704019003,20,21733,95.8963950050744,0.958940514271218
"149",704036005,20,20939,95.699268738574,0.956968125813716
"150",704096008,20,17087,95.6558248894363,0.956533439213549
"151",704037003,20,21046,95.6288622319157,0.956263658654005
"152",704015006,20,18292,95.5145945381442,0.955120329130946
"153",704008002,20,23120,95.5135090473436,0.955109468023678
"154",704014009,20,20826,95.4970652971387,0.954944936611005
"155",704015002,20,21098,95.4617438124972,0.954591520042804
"156",704020007,20,18433,95.4434836638534,0.954408814272251
"157",704004001,20,18979,95.4390023131852,0.954363975172475
"158",704087002,20,22074,95.2450811183983,0.952423655736344
"159",704017008,20,18594,95.2220003072669,0.952192715810003
"160",704026004,20,18570,95.2112387202625,0.952085038480297
"161",704030012,20,19852,95.1860375911009,0.95183288326447
"162",704096003,20,20537,95.1756418574474,0.951728866557669
"163",704014004,20,25146,95.1274873269274,0.951247046240873
"164",704034002,20,22652,95.0885735874402,0.950857686608768
"165",704027006,20,20136,95.0528700906344,0.950500447737245
"166",704035001,20,21276,95.0203206645527,0.95017476758593
"167",704030006,20,21159,94.9941635988148,0.949913047544966
"168",704002002,20,22076,94.9546217041593,0.94951740277377
"169",704095003,20,21153,94.8948005921672,0.948918850014146
"170",704091006,20,20311,94.8846117910866,0.94881690381487
"171",704024004,20,21446,94.8308644704842,0.948279123656701
"172",704095006,20,19509,94.680902693521,0.94677864945202
"173",704006002,20,18602,94.5367688163846,0.945336487528874
"174",704084008,20,19956,94.4886363636364,0.944854888115882
"175",704010009,20,17961,94.2983146952276,0.942950584500507
"176",704091004,20,21553,94.2784655089454,0.942751979278539
"177",704082003,20,22800,94.2226630300025,0.942193635799911
"178",704011007,20,20023,94.1815616180621,0.941782386949428
"179",704020008,20,18093,94.0580162195883,0.940546227394167
"180",704008003,20,23210,94.0323299436859,0.94028921794025
"181",704008001,20,23501,93.9739283429303,0.93970486839985
"182",704020009,20,17168,93.9528265747277,0.939493730205157
"183",704010003,20,22142,93.8101088844638,0.93806573823861
"184",704019007,20,18936,93.7379337656552,0.937343574856812
"185",704094004,20,18401,93.6628321286776,0.936592129579915
"186",704010004,20,20051,93.5825632409222,0.935788982284956
"187",704095004,20,18866,93.5117719950434,0.935080665535785
"188",704017004,20,20789,93.5009444994153,0.934972328743436
"189",704001019,20,19782,93.4656272147413,0.934618954198897
"190",704038014,20,18669,93.457148578294,0.934534119412741
"191",704017002,20,23936,93.4561924098079,0.934524552267181
"192",704024005,20,21089,93.3802692171449,0.933764886741507
"193",704034006,20,20223,93.3311796197157,0.933273710415431
"194",704010008,20,19611,93.2569309049408,0.932530799231618
"195",704002001,20,19477,93.2226104436893,0.932187398614184
"196",704031008,20,19211,93.1577926486277,0.931538850487697
"197",704025005,20,19690,93.1453711150007,0.931414564211772
"198",704082004,20,20793,93.0627042026586,0.930587422975773
"199",704091002,20,22451,93.0341455329024,0.930301673179012
"200",704030011,20,20080,92.8941524796447,0.92890094314299
"201",704010007,20,19629,92.8831685042351,0.928791040659166
"202",704091008,20,21350,92.8422334319012,0.928381456154717
"203",704093005,20,19571,92.775539227305,0.927714133216667
"204",704025012,20,18909,92.7730350309096,0.927689076951192
"205",704015004,20,20834,92.3943412124706,0.92389997603797
"206",704010001,20,18016,92.1958958088122,0.921914388675266
"207",704093002,20,20406,92.0973055919123,0.920927923455341
"208",704035003,20,18978,91.8053405572755,0.918006605690158
"209",704006005,20,14757,91.5503443141634,0.915455186969813
"210",704038010,20,19969,91.5211512901599,0.915163090007768
"211",704034005,20,21923,91.4716067926733,0.914667362083173
"212",704011002,20,21398,91.4014779377216,0.913965673026203
"213",704014010,20,19628,91.3610128467697,0.913560791019649
"214",704083002,20,23019,91.3343649565528,0.913294159930785
"215",704082001,20,22232,91.2082051282051,0.912031841145719
"216",704004005,20,17655,91.1555142503098,0.911504631447988
"217",704006001,20,15971,91.1066742726754,0.911015952745445
"218",704091005,20,21035,91.0803204156744,0.91075226366797
"219",704096004,20,20971,90.9607460420733,0.909555837040048
"220",704022004,20,17685,90.8553814538916,0.908501589418721
"221",704035002,20,20181,90.8113216037439,0.908060739290458
"222",704014008,20,17703,90.6776622445321,0.906723382366763
"223",704004007,20,15329,90.4259084473808,0.904204406623708
"224",704036003,20,22684,90.3961106240536,0.903906258214402
"225",704030004,20,21029,90.3618081815057,0.90356303788691
"226",704001004,20,20152,90.351506456241,0.903459961800881
"227",704004009,20,13581,90.3232242617718,0.903176978335946
"228",704020001,20,20205,90.2452097011926,0.902396387187261
"229",704020006,20,17865,90.1953854697834,0.901897860325874
"230",704025008,20,18632,90.1097838177685,0.901041354932784
"231",704014002,20,23807,89.9599455864571,0.899542116890193
"232",704038008,20,21230,89.9157172504341,0.899099580940951
"233",704031014,20,12418,89.8227848101266,0.898169725798639
"234",704082002,20,23206,89.8204056355473,0.898145920465328
"235",704030005,20,19397,89.469557195572,0.894635432362319
"236",704022007,20,16868,89.4095197710166,0.894034715241697
"237",704014005,20,19410,89.2906431134419,0.89284526975871
"238",704083001,20,21510,89.0498861519354,0.890436325175276
"239",704020010,20,15224,88.9564099567606,0.889501029378895
"240",704083005,20,19632,88.6520659291036,0.886455850986805
"241",704087011,20,17121,88.5263702171665,0.885198176016423
"242",704010005,20,18918,88.3069598095505,0.883002818882538
"243",704087005,20,19694,88.2308140316294,0.882240926233094
"244",704019005,20,20141,87.9442843419789,0.879373992959149
"245",704004011,20,13280,87.5700626442466,0.875629638793376
"246",704094009,20,16326,87.5529575803078,0.875458490466587
"247",704006004,20,15400,87.4701806202431,0.874630248124877
"248",704030003,20,19990,87.0265563778842,0.870191472153359
"249",704012003,20,15471,86.8864427720993,0.868789535903586
"250",704020003,20,18913,86.8126319654824,0.868051006302257
"251",704096002,20,21296,86.4461132535011,0.864383725985916
"252",704086008,20,18372,86.1281702686231,0.861202480357668
"253",704093001,20,19592,86.1262528573941,0.861183295294999
"254",704095007,20,17896,86.0343252728234,0.86026349444881
"255",704086005,20,17839,85.9048444572859,0.858967946825614
"256",704083007,20,18836,85.8093025374698,0.858011981985421
"257",704037002,20,20550,85.603599100225,0.85595377283606
"258",704010006,20,19276,85.2543122512163,0.852458909560999
"259",704034007,20,20173,85.0822437789962,0.850737242151921
"260",704022008,20,15463,85.0362956445227,0.850277498396366
"261",704027007,20,15695,84.1509838614552,0.841419324530379
"262",704092003,20,15344,83.9479155268629,0.839387481456675
"263",704020004,20,20003,83.9087210033978,0.838995312381227
"264",704037006,20,16172,83.7060041407867,0.8369669860346
"265",704027003,20,18757,83.6581776013559,0.836488447501859
"266",704094008,20,16087,83.5775145469659,0.835681356289459
"267",704087006,20,18078,83.4741653968694,0.834647274559196
"268",704022006,20,21434,83.3650966512388,0.833555964208854
"269",704092008,20,15304,83.2780105566741,0.832684605912582
"270",704094003,20,17373,83.2638389647735,0.832542809059299
"271",704033009,20,15640,83.1030818278427,0.830934319602401
"272",704086007,20,17249,82.9318717246021,0.829221240785282
"273",704036008,20,18385,82.4587369931826,0.824487191388098
"274",704001009,20,19715,82.4343535708312,0.824243217910316
"275",704084004,20,19138,82.0071131679308,0.819968373901854
"276",704014001,20,17104,81.6108407290772,0.816003386392594
"277",704087007,20,17048,80.7388112716079,0.807278111638247
"278",704035004,20,16753,80.3116011505273,0.803003570620924
"279",704014003,20,18370,80.0156808084328,0.800042677192314
"280",704091010,20,17191,79.9879024753397,0.799764735218704
"281",704082007,20,17203,79.7431975154128,0.797316288103959
"282",704087008,20,17552,79.6478649543949,0.7963624180474
"283",704093006,20,14787,79.6412990790111,0.796296721795703
"284",704084003,20,18920,79.445727482679,0.794339888918638
"285",704030008,20,19504,78.9667597878457,0.789547476575132
"286",704087009,20,15054,78.9159152862235,0.789038741184829
"287",704083003,20,17886,78.6508948595049,0.786387023380083
"288",704096009,20,13947,78.5083028426682,0.784960288865532
"289",704084002,20,17369,78.1859104208868,0.781734523457417
"290",704025007,20,16670,78.156500539172,0.78144025667978
"291",704093003,20,15771,77.4340845485344,0.77421197103959
"292",704004012,20,9964,77.2462981626483,0.772333034728497
"293",704031012,20,12496,77.245471966372,0.772324768047309
"294",704019009,20,13318,76.9381860196418,0.769250153663121
"295",704031001,20,19497,76.9355220582432,0.769223498835192
"296",704084006,20,17478,76.7757522512629,0.767624888316463
"297",704092002,20,15089,76.7419387651307,0.767286560345568
"298",704094006,20,14093,76.1454506159499,0.761318272296654
"299",704036007,20,16059,76.0225336110585,0.760088400265988
"300",704089007,20,16716,75.9300476947536,0.759163012913811
"301",704086006,20,15885,75.8668449708664,0.758530624722775
"302",704083004,20,17766,74.6972754793138,0.746828250369833
"303",704094007,20,13666,74.6612762237762,0.746468052221907
"304",704084001,20,18449,74.4962648899657,0.744816996500399
"305",704022003,20,14968,74.3308337885484,0.743161740705522
"306",704087003,20,16837,74.1130381195528,0.740982540179649
"307",704030010,20,15813,74.0690430465127,0.740542338192406
"308",704086003,20,16878,73.8417115106969,0.738267724538784
"309",704031007,20,14793,72.7214629829909,0.72705884149743
"310",704036004,20,15919,72.689497716895,0.726739006282125
"311",704086001,20,16063,72.6339588514583,0.72618330044406
"312",704030002,20,15048,69.5636094674556,0.695462271770315
"313",704091009,20,13569,69.0745265729994,0.69056864966245
"314",704086002,20,15858,68.601834227375,0.685839026649691
"315",704092007,20,12802,68.3575395130286,0.683394684333673
"316",704082008,20,16713,68.1051344743276,0.680869192455865
"317",704037004,20,14286,67.8992395437262,0.678809067279317
"318",704015005,20,10893,67.826899128269,0.67808524998702
"319",704006003,20,10087,67.7616552465404,0.677432438560473
"320",704025013,20,12629,67.7376099549453,0.677191848321326
"321",704093004,20,27957,67.5812222007349,0.675627077645274
"322",704094002,20,13505,67.1823699134414,0.671636276918044
"323",704037008,20,12145,66.591731549512,0.665726520129898
"324",704089005,20,14839,66.4948915576268,0.664757567155695
"325",704015008,20,8621,65.9198654228475,0.659004021820839
"326",704094001,20,14996,65.6912563518486,0.656716625519353
"327",704037007,20,11648,64.9601249233172,0.649401135726166
"328",704095001,20,14389,64.8562156314793,0.648361449379507
"329",704089001,20,14288,64.3140079222182,0.642936275726592
"330",704026007,20,10228,62.1271943145235,0.621055650708425
"331",704001001,20,11988,61.1726284635403,0.611504540651757
"332",704038023,20,11749,60.4621243310004,0.604395441621432
"333",704092009,20,9997,57.6927516158818,0.576685898520988
"334",704026006,20,9337,56.9954828470272,0.569709228714973
"335",704031013,20,8957,55.4338408218839,0.554083889891151
"336",704022010,20,9102,55.3986609860012,0.553731890619498
"337",704038022,20,9220,54.8515676125885,0.54825783242293
"338",704087004,20,11832,54.3200808006611,0.542939928970635
"339",704089009,20,11184,53.7873322752849,0.537609401178179
"340",704022002,20,19372,53.7737682165163,0.537473683125851
"341",704022005,20,11112,53.3384534152546,0.533118049020709
"342",704036010,20,9943,52.6391021229287,0.526120542086642
"343",704001029,20,10353,51.5407975307413,0.51513122372278
"344",704031005,20,11862,51.2929170630459,0.512651003394954
"345",704035006,20,10271,50.6384657102007,0.506102752280249
"346",704096001,20,11234,50.1921186667858,0.501636732748194
"347",704091001,20,12879,49.7201096398101,0.49691394682437
"348",704087001,20,10501,48.0682962556074,0.480386379439316
"349",704002010,20,6784,47.8656600578565,0.478358860201968
"350",704089003,20,11360,47.5652137503664,0.475352681271513
"351",704019001,20,9643,43.8318181818182,0.437997404080785
"352",704089010,20,9290,43.1490942870413,0.431166266081647
"353",704036009,20,8998,41.9018347769396,0.418686547853787
"354",704089006,20,8969,40.2143209433708,0.40180177208901
"355",704027001,20,8124,39.829386674511,0.397950231032228
"356",704001016,20,9563,39.178171985743,0.391434365042956
"357",704014006,20,6503,39.1228492359524,0.390880821595594
"358",704010002,20,6961,37.048272925648,0.370123210541035
"359",704001010,20,8431,36.6628978952861,0.366267259352035
"360",704008005,20,5891,35.8660578386606,0.358294308014468
"361",704087010,20,6453,33.0668716372021,0.330286459785141
"362",704012007,20,2865,32.7953296703297,0.327569489334195
"363",704025001,20,7474,32.7118347338936,0.326734063128392
"364",704089004,20,6487,31.0160172125269,0.30976620306309
"365",704037005,20,6802,30.4122328534383,0.303724911246281
"366",704034008,20,6993,29.9588724188159,0.299188717748517
"367",704092006,20,5008,29.5335259774724,0.294932824172083
"368",704011006,20,4452,29.130406333835,0.290899325510445
"369",704091013,20,4887,28.1850164369341,0.281440027398678
"370",704004002,20,4133,25.8732941029172,0.258309601760771
"371",704089008,20,5290,25.6298449612403,0.255873720000531
"372",704017003,20,4739,24.1158210778077,0.240724834542085
"373",704001003,20,5582,22.2603286010528,0.222159313015674
"374",704086004,20,4750,22.1879671150972,0.221435284898059
"375",704001028,20,4476,20.8525506638714,0.208073493792705
"376",704030001,20,4589,20.7816320985418,0.207363903121903
"377",704082005,20,4556,19.8518518518519,0.198060790659306
"378",704084007,20,4044,18.9113355780022,0.188650256611422
"379",704020002,20,3793,18.739192727632,0.186927844996067
"380",704094005,20,3137,17.6891846171197,0.176421767271237
"381",704001011,20,3649,15.0859930544071,0.150374984759117
"382",704022001,20,3052,14.7710773400445,0.147224029124832
"383",704083008,20,3322,14.658253541014,0.146095146795297
"384",704089002,20,3351,14.1207703004509,0.140717244810908
"385",704038005,20,2724,12.2010212308519,0.121508790385223
"386",704001014,20,1650,6.71304772366654,0.0665977133744362
"387",704031011,20,1194,5.51450212451506,0.0546054124623094
"388",704089011,20,1062,5.04872830995959,0.0499450142721257
"389",704092001,20,916,4.95670995670996,0.0490243052207644
"390",704001026,20,1070,4.71781305114638,0.04663397181958
"391",704024008,20,851,4.15263748597082,0.0409789884375835
"392",704031009,20,334,1.68823291548726,0.0163208684633563
"393",704036002,20,256,1.01805456136165,0.00961525751859285
"394",704001005,20,208,0.872410032715376,0.00815798045298309
"395",704001012,20,188,0.865840740570165,0.00809225001415722
"396",704001002,20,58,0.254296737986671,0.00197331744690262
"397",704031010,20,50,0.226613488034808,0.00169632684772692
"398",704031004,20,27,0.124395300621977,0.000673561203253586
"399",704001013,20,22,0.0906132872029326,0.000335548139232084
"400",704031002,20,13,0.0570776255707763,0
